Date,Symbol,Series,Mkt Cap (₹ Crore),CMP,AVOL(50),₹AVOL(50),ADR(20),ATR(20),RPS,Change_1D,Change_1W,Change_10D,Change_15D,Change_1M,Change_3M,Change_6M,Change_9M,Change_12M,Change_20M,Momo_10D,Momo_1M,Momo_3M,Momo_6M,Momo_9M,Momo_12M,Gap_10D,6EMA_10D,10EMA_20D,21EMA_40D,50SMA_100D,Below_1M,Below_3M,Below_6M,Below_12M,Below_20M,NB_1M,NB_3M,NB_6M,NB_9M,NB_12M,NB_20M,Above_3M,Above_6M,Above_12M,Above_20M,NA_1M,NA_3M,NA_6M,NA_9M,NA_12M,NA_20M,RS_1M,RS_3M,RS_6M,RS_9M,RS_12M,Total_RS (CNX500),RS_score,NC_1M,NC_3M,NC_6M,NC_9M,NC_12M,NC_20M,NRS_1M,NRS_3M,NRS_6M,NRS_9M,NRS_12M,Total_NRS (CNX500),NRS_score
30-10-2025,NSE:BGRENERGY,BE,1669.39,422.44,513134,2167.68327,3.85,6.03,0,4.56,-10.65,13.3,27.94,44.12,76.09,76.45,65.68,91.32,73.1,-1,-1,HV2Q,-1,HVQ,HVQ,-1,-1,4,-1,-1,-9.62,-9.62,-9.62,-9.62,-9.62,-9.62,-10.97,-28.93,-31.4,0,-67.83,336.36,342.21,1112.86,1113.91,77.11,143.83,41.44,185.59,316.67,5.37,39.5,72.59,68.85,55.1,86.9,2.653252,99,,,,,,,39.5,58.4,-2.74,-49,81.6,1.451764,99
30-10-2025,NSE:KCK,SM,260.77,33.1,329500,109.0645,5.26,5.54,5,-1.05,-6.95,-13.75,-17.52,-11.93,-26.74,79.06,61.96,-41.51,83.38,-1,HVY,-1,HVQ,HV2Q,HV2Y,-1,-1,-1,-1,-1,-24.6,-32.86,-32.86,-48.28,-48.28,-24.6,-24.85,-12.51,-89.17,-80.33,-7.96,7.12,7.12,377.63,575.51,0,19.9,505.34,0,170.75,907.31,-16.55,-30.24,71.46,51.38,-45.93,1.36804,96,,,,,,,-16.55,-12.05,79.23,-84.9,-265.15,1.311454,96
30-10-2025,NSE:IZMO,BE,1240.58,780.7,327565,2557.29996,5.57,6.4,5,-1.64,-8.22,-20.85,-33.37,-64.12,50.68,62.95,41.87,51.25,58.69,-1,-1,HV2Y,-1,HVQ,HV2Y,-1,-1,-1,-1,-1,-35.86,-42.11,-42.11,-42.11,-42.11,-35.86,-5,-12.09,-54.37,-28.4,-28.65,117.22,184.88,222.94,222.94,0,256.51,59.28,19.65,82.53,53.07,-68.74,47.18,55.35,31.29,46.83,1.328154,93,,,,,,,-68.74,71.13,20.63,-60.14,23.03,1.245615,93
30-10-2025,NSE:JSLL,EQ,10165.31,746.3,233764,1744.58073,4,3.96,6,0.69,2.78,0.53,-3.45,-7.7,25.61,43.59,45.61,57.66,76.75,-1,-1,EEP,-1,EEP,EEP,-1,-1,-1,-1,-1,-8.1,-10.94,-10.94,-10.94,-10.94,-8.1,-4.08,-1.54,-10.83,-14.03,-4.36,39.21,86.34,143.75,426.94,2.86,74.44,81.34,93.53,186.58,123.13,-12.32,22.11,35.99,35.03,53.24,1.238088,90,,,,,,,-12.32,32.1,19.93,0.35,29.03,1.092331,90
30-10-2025,NSE:SJS,EQ,4662.6,1581.3,183605,2903.34587,3.58,3.57,2,0.80,4.55,3.1,5.31,7.66,21.7,41.22,37.42,35.24,59.58,-1,-1,HVQ,EEP,EEP,EEP,-1,-1,-1,10,-1,0,0,0,0,0,0,-4.66,-4.45,-28.66,-24.05,-7.43,37.28,74.13,93.38,163.05,8.87,26.76,51.42,13.67,65.45,71.24,3.04,18.2,33.62,26.84,30.82,1.162762,87,,,,,,,3.04,16.38,20.68,-9.69,3.39,1.047121,84
30-10-2025,NSE:ADANIPOWER,EQ,276195.4,162.57,64909157,105522.81653,3.91,3.87,4,0.29,-1.65,3.11,8.48,9.79,27.1,34.55,36.66,25.59,31.89,-1,-1,HV2Y,-1,HVQ,HV2Y,-1,-1,-1,0,-1,-4.81,-4.81,-4.81,-4.81,-7.05,-4.81,-13.86,-2.79,-27.91,-41.13,-30.83,43.36,58.76,85.73,85.73,12.39,29.32,26.05,21.57,17.64,17.48,5.17,23.6,26.95,26.08,21.17,1.146428,84,,,,,,,5.17,20.37,5.96,0,-10.59,1.038146,81
30-10-2025,NSE:GODFRYPHLP,EQ,48603.92,3145.5,1266996,39853.35918,3.02,3.01,4,-0.36,-0.6,-5.89,-7.85,-11.65,5.24,13.99,53.94,31.3,71.84,-1,-1,EEP,EEP,EEP,EEP,-1,-1,-1,-1,-1,-9.01,-15.28,-15.28,-15.28,-15.28,-9.01,-5.41,-5.03,-1.45,-47.22,-21.28,7.51,18.24,122.86,257.83,0.73,27.79,105.77,103.43,83.04,173,-16.27,1.74,6.39,43.36,26.88,1.109677,81,,,,,,,-16.27,16.3,4.99,43.22,-42.26,1.062338,87
30-10-2025,NSE:FEDFINA,EQ,5555.45,144.16,1356174,1955.06044,4.09,4.1,0,0.87,1.28,-8.91,-10.9,-5.91,8.28,38.35,33.9,26.29,10.38,-1,-1,EEP,EEP,HV2Y,HV2Y,-1,-1,-1,-1,7,-11.31,-11.31,-11.31,-11.31,-11.31,-11.31,-0.99,0,-29.47,-27.23,-18.85,14.33,71.62,74.72,74.72,1.95,33.78,60.25,7.71,1.42,0,-10.53,4.78,30.75,23.32,21.87,1.095746,79,,,,,,,-10.53,14.58,28.54,-10.45,-4.62,1.034616,73
30-10-2025,NSE:MARUTI,EQ,35000,16206,461760,74832.8256,1.48,1.47,1,0.42,-1.15,-0.04,1.2,1.37,23.06,24.37,26.15,27.41,29.37,-1,-1,HV2Q,-1,-1,HV2Y,-1,-1,-1,5,-1,-1.33,-1.33,-1.33,-1.33,-1.33,-1.33,-1.85,-5.11,-9.18,-11.32,-12.83,31.73,33.65,50.94,50.94,2.53,29.93,10.06,14.16,11.75,9.84,-3.25,19.56,16.77,15.57,22.99,1.092181,76,,,,,,,-3.25,23.17,-2.55,-0.87,8.6,1.035105,76
30-10-2025,NSE:BAJFINANCE,EQ,45000,1052.3,7386505,77728.19212,1.99,2,0,-1.00,-3.98,-0.72,2.77,5.83,15.75,17.95,29.31,33.09,35.73,-1,-1,-1,-1,EEP,EEP,-1,-1,-1,4,-1,-3.82,-3.82,-3.82,-3.82,-3.82,-3.82,-3.77,-8.44,-7.38,-4.25,-9.36,23.36,23.36,62.75,66.73,6.54,16.17,21.52,33.69,17.86,11.56,1.21,12.25,10.35,18.73,28.67,1.089197,73,,,,,,,1.21,11.72,-1.64,10.62,12.24,1.036298,79
30-10-2025,NSE:CNXPSUBANK,IN,,8058.75,,,,,,-0.38,2.28,4.17,6.64,8.29,13.71,18.82,23.65,20.21,11.88,0,0,0,0,0,0,0,-1,-1,-1,-1,-0.38,-0.38,-0.38,-0.38,-0.38,,,,,,,,,,,,,,,,,3.67,10.21,11.22,13.07,15.79,1.063925,,,,,,,,3.67,7.1,1.66,2.72,2.39,1.020263,
30-10-2025,NSE:CNXMETAL,IN,,10729.2,,,,,,-0.45,4.54,4.76,5.52,7.51,12.3,20.01,21.35,13.57,25.85,0,0,0,0,0,0,0,-1,-1,-1,-1,-0.45,-0.45,-0.45,-0.45,-0.45,,,,,,,,,,,,,,,,,2.89,8.8,12.41,10.77,9.15,1.051857,,,,,,,,2.89,6.35,4.55,-1.56,-3,1.013492,
30-10-2025,NSE:SBIN,EQ,65000,934.35,8809128,82308.08747,1.48,1.49,0,-0.57,2.44,5.16,8.14,6.81,14.46,15.59,20.36,14.96,18.65,-1,-1,-1,-1,-1,EEP,-1,2,7,-1,-1,-0.57,-0.57,-0.57,-0.57,-0.57,-0.57,0,-3.91,-9.64,-17.83,-12.27,17.68,21.5,35.65,35.65,8.87,9.67,16.03,14.5,10.2,17.67,2.19,10.96,7.99,9.78,10.54,1.048847,70,,,,,,,2.19,9.4,-2.93,2.41,0.12,1.015299,67
30-10-2025,NSE:LT,EQ,45000,3987.5,1729142,68949.53725,1.54,1.58,0,0.74,1.73,3.98,6.46,7.5,12.34,16.21,13.27,13.66,15.82,-1,-1,-1,-1,EEP,EEP,-1,1,-1,2,-1,0,0,0,0,0,0,-1.1,-5.13,-15.36,-12.39,-11.66,13.12,20.05,30.56,30.56,8.98,7.78,14.45,9.39,5.71,5.23,2.88,8.84,8.61,2.69,9.24,1.037143,67,,,,,,,2.88,6.41,0.17,-6.74,7.34,1.011808,59
30-10-2025,NSE:BHARTIARTL,EQ,65000,2066.3,4728031,97695.30455,1.71,1.77,1,-1.63,2.83,4.73,5.94,7.94,7.16,9.77,20.4,18.77,44.64,-1,-1,-1,-1,-1,-1,-1,4,-1,-1,-1,-1.63,-1.63,-1.63,-1.63,-1.63,-1.63,-6.48,-5.68,-1.3,-7.13,-5.23,11.67,14.23,35.48,86.14,10.64,2.8,22.17,29.32,48.17,51.2,3.32,3.66,2.17,9.82,14.35,1.036882,64,,,,,,,3.32,0.33,-1.45,8.55,4.84,1.015772,70
30-10-2025,NSE:AXISBANK,EQ,45000,1238.6,7137149,88400.72751,1.94,2.11,1,-0.82,-1.63,5.57,4.68,8.59,14.08,4.33,23.42,5.75,12.11,-1,-1,-1,-1,-1,-1,-1,3,6,-1,-1,-1.6,-1.6,-1.6,-1.6,-5.97,-1.6,-3.86,-13.73,-7.21,-28,-11.38,18.5,18.5,30.64,30.64,9.46,8.32,12.25,24.99,0,14,3.97,10.58,-3.27,12.84,1.33,1.034825,61,,,,,,,3.97,7.19,-15.6,16.73,-16.18,1.011925,61
30-10-2025,NSE:CNXAUTO,IN,,26829.55,,,,,,-0.44,-1.45,0.45,1.14,1.46,10.96,16.85,17.36,9.34,24.13,0,0,0,0,0,0,0,-1,-1,-1,-1,-1.59,-1.83,-1.83,-1.83,-2.83,,,,,,,,,,,,,,,,,-3.16,7.46,9.25,6.78,4.92,1.028583,,,,,,,,-3.16,10.82,2.36,-2.61,-2.82,1.008666,
30-10-2025,NSE:RELIANCE,EQ,200000,1488.5,10876320,161894.0232,1.41,1.53,1,-1.04,2.69,7.67,8.14,7.77,4.8,5.61,16.27,9.99,1.17,-1,-1,-1,-1,-1,-1,-1,-1,-1,-1,-1,-1.04,-1.04,-3.44,-3.44,-7.02,-1.04,-10.94,-8.07,-7.94,-22.15,-16.31,9.94,9.94,28.11,28.11,9.18,1.4,21.96,20.92,3.4,0.1,3.15,1.3,-1.99,5.69,5.57,1.015275,59,,,,,,,3.15,-2.05,-3.4,8.07,-0.61,1.006678,50
30-10-2025,NSE:KOTAKBANK,EQ,50000,2137.2,3339678,71375.59822,1.92,1.95,1,-0.62,-4.14,-0.58,0.91,6.81,7.7,-3.32,11.74,17.55,17.53,-1,-1,-1,-1,-1,-1,-1,-1,-1,-1,-1,-3.97,-3.97,-4.13,-5.8,-5.8,-3.97,-10.66,-13.05,-2.68,-2.51,-8.92,10.02,10.02,26.62,38.18,7.25,2.53,4.85,30.82,21.95,13.93,2.19,4.2,-10.92,1.16,13.13,1.012362,56,,,,,,,2.19,2.13,-16.18,11.35,13.46,1.014555,64
30-10-2025,NSE:APOLLOHOSP,EQ,113079.44,7790,323475,25198.7025,1.45,1.55,1,-0.87,-2.29,-0.46,1.64,4.44,4.29,10.44,13.41,10.73,13.23,-1,-1,EEP,-1,EEP,EEP,-1,-1,-1,-1,-1,-2.77,-2.77,-2.77,-2.77,-2.77,-2.77,-6.12,-2.1,-6.18,-9.3,-3.87,9.96,15.89,28.71,35.09,5.14,5.07,23.19,15.27,16.97,20.6,-0.18,0.79,2.84,2.83,6.31,1.012187,53,,,,,,,-0.18,1.02,2.17,0.09,3.79,1.005765,47
30-10-2025,NSE:CNXFINANCE,IN,,27376,,,,,,-0.77,-0.66,1.11,2.63,5,2.47,4.61,17.76,12.86,24.02,0,0,0,0,0,0,0,-1,-1,-1,-1,-0.77,-0.77,-0.77,-0.77,-0.77,,,,,,,,,,,,,,,,,0.38,-1.03,-2.99,7.18,8.44,1.011961,,,,,,,,0.38,-1.49,-2.05,10.56,0.94,1.008454,
30-10-2025,NSE:BANKNIFTY,IN,,58031.1,,,,,,-0.61,-0.08,2.12,3.47,6.15,3.12,5.07,16.65,11.2,18.85,0,0,0,0,0,0,0,-1,-1,-1,-1,-0.61,-0.61,-0.61,-0.61,-0.61,,,,,,,,,,,,,,,,,1.53,-0.38,-2.53,6.07,6.78,1.011856,,,,,,,,1.53,-2.05,-2.23,8.97,0.35,1.00702,
30-10-2025,NSE:CNXINFRA,IN,,9608.65,,,,,,-0.55,2.03,3.97,5.38,5.79,5.24,8.56,14.21,7.66,15.11,0,0,0,0,0,0,0,-1,-1,-1,-1,-0.55,-0.55,-0.55,-0.55,-0.83,,,,,,,,,,,,,,,,,1.17,1.74,0.96,3.63,3.24,1.011529,,,,,,,,1.17,0.59,-0.74,2.94,-0.74,1.003978,
30-10-2025,NSE:CNXMIDCAP,IN,,60096.25,,,,,,-0.09,1.21,1.87,3.71,5.93,3.51,9.94,11.37,6.23,18.05,0,0,0,0,0,0,0,-1,-1,-1,-1,-0.09,-0.09,-0.09,-0.09,-1.24,,,,,,,,,,,,,,,,,1.31,0.01,2.34,0.79,1.81,1.006487,,,,,,,,1.31,-1.39,2.41,-1.64,1.09,1.001718,
30-10-2025,NSE:HDFCBANK,EQ,120000,998.15,19282762,192470.8889,1.47,1.49,4,-0.96,-1.07,1.99,1.95,4.79,-1.27,3.57,17.36,12.36,27.15,-1,-1,-1,-1,-1,-1,-1,-1,-1,-1,-1,-1.06,-1.46,-1.46,-1.46,-1.46,-1.06,-6.18,-0.13,-1.87,-11.86,-1.9,5.68,5.68,22.49,42.25,4.96,0.61,24.04,20.22,19.2,26.42,0.17,-4.77,-4.03,6.78,7.94,1.005154,50,,,,,,,0.17,-5.19,0.53,11.07,0.84,1.006906,53
30-10-2025,NSE:CNXMNC,IN,,30315.15,,,,,,0.02,0.2,1.41,1.6,1.72,5.42,10.88,10.49,3.01,17.76,0,0,0,0,0,0,0,-1,-1,-1,-1,0,-0.88,-0.88,-0.88,-7.47,,,,,,,,,,,,,,,,,-2.9,1.92,3.28,-0.09,-1.41,1.000976,,,,,,,,-2.9,4.94,1.53,-3.68,-1.46,0.999707,
30-10-2025,NSE:NIFTY,IN,,25877.85,,,,,,-0.68,-0.05,2.14,3.21,4.8,4.08,5.97,10.76,5.71,14.22,0,0,0,0,0,0,0,-1,-1,-1,-1,-0.68,-0.68,-0.68,-0.68,-1.29,,,,,,,,,,,,,,,,,0.18,0.58,-1.63,0.18,1.29,1.000655,,,,,,,,0.18,0.42,-2.29,1.87,1.23,1.001232,
30-10-2025,NSE:NIFTYMIDSML400,IN,,20446.2,,,,,,-0.13,0.96,1.77,2.9,4.82,2.1,10.82,10.01,3.7,16.42,0,0,0,0,0,0,0,-1,-1,-1,-1,-0.13,-0.13,-0.81,-1.36,-3.24,,,,,,,,,,,,,,,,,0.2,-1.4,3.22,-0.57,-0.72,1.000622,,,,,,,,0.2,-1.68,4.65,-4.14,-0.12,0.999151,
30-10-2025,NSE:CNX500,IN,,23841.3,,,,,,-0.46,0.36,1.95,3.07,4.62,3.5,7.6,10.58,4.42,14.97,0,0,0,0,0,0,0,-1,-1,-1,-1,-0.46,-0.46,-0.46,-0.46,-2.68,,,,,,,,,,,,,,,,,0,0,0,0,0,1,,,,,,,,0,0,0,0,0,1,
30-10-2025,NSE:NIFTY_TOTAL_MKT,IN,,13405.85,,,,,,-0.45,0.37,1.95,3.04,4.59,3.34,7.77,10.38,4.24,14.91,0,0,0,0,0,0,0,-1,-1,-1,-1,-0.45,-0.45,-0.45,-0.45,-2.84,,,,,,,,,,,,,,,,,-0.03,-0.16,0.17,-0.2,-0.18,0.999573,,,,,,,,-0.03,-0.13,0.33,-0.4,0.04,0.999776,
30-10-2025,NSE:AGARWALTUF,SM,262.47,136,101832,138.49152,5.14,5.23,3,-0.77,-5.29,-12.1,-14.78,-11.95,8.64,18.46,10.44,NA,NA,-1,-1,HVQ,HVQ,HVQ,-1,-1,-1,-1,-1,-1,-17.8,-18.68,-18.68,NA,NA,-17.8,-8.97,-11.85,-21.93,NA,NA,12.4,18.73,NA,NA,0.48,32.8,45.66,30.01,NA,NA,-16.57,5.14,10.86,-0.14,0,0.996976,47,,,,,,,-16.57,19.57,6.49,-13.06,106.89,1.010891,56
30-10-2025,NSE:CNXREALTY,IN,,950.9,,,,,,0.04,1.23,3.73,7.94,8.01,2.57,6.84,10.24,-3.68,6.72,0,0,0,0,0,0,0,-1,-1,-1,-1,-0.39,-0.39,-8.53,-15,-17.33,,,,,,,,,,,,,,,,,3.39,-0.93,-0.76,-0.34,-8.1,0.996429,,,,,,,,3.39,-4.74,0.14,0.42,-8.61,0.994629,
30-10-2025,NSE:CNXSMALLCAP,IN,,18469.7,,,,,,-0.10,0.97,2.07,3.14,4.99,1.18,10.94,8.2,1.19,12.44,0,0,0,0,0,0,0,-1,-1,-1,-1,-0.1,-0.19,-3.5,-6.04,-6.04,,,,,,,,,,,,,,,,,0.37,-2.32,3.34,-2.38,-3.23,0.996044,,,,,,,,0.37,-2.82,5.63,-6.31,-0.74,0.996858,
30-10-2025,NSE:NIFTYJR,IN,,70082.55,,,,,,-0.22,0.92,1.38,2.77,3.21,3.86,7.95,10.83,-1.06,16.23,0,0,0,0,0,0,0,-1,-1,-1,-1,-0.22,-0.22,-0.22,-4.38,-9.93,,,,,,,,,,,,,,,,,-1.41,0.36,0.35,0.25,-5.48,0.995105,,,,,,,,-1.41,1.85,0.01,-0.11,-6.44,0.996335,
30-10-2025,NSE:NIFTY_MICROCAP250,IN,,23868.1,,,,,,-0.21,0.55,2.09,2.3,3.74,-0.69,12.22,4.79,-0.61,13.6,0,0,0,0,0,0,0,-1,-1,-1,-1,-0.21,-1.61,-3.57,-9.63,-9.63,,,,,,,,,,,,,,,,,-0.88,-4.19,4.62,-5.79,-5.03,0.988873,,,,,,,,-0.88,-3.42,8.58,-11.7,1.22,0.994837,
30-10-2025,NSE:CNXPSE,IN,,10051.85,,,,,,0.01,1.35,1.5,2.32,2.77,2.71,4.9,9.78,-1.91,5.87,0,0,0,0,0,0,0,-1,-1,-1,-1,0,0,-1.07,-3.25,-14.36,,,,,,,,,,,,,,,,,-1.85,-0.79,-2.7,-0.8,-6.33,0.988406,,,,,,,,-1.85,1.12,-2,1.9,-6.06,0.995097,
30-10-2025,NSE:ASIANPAINT,EQ,32000,2523.5,1010537,25500.9012,1.63,1.67,6,-0.60,0.84,5.88,7.73,7.17,4.83,3.88,10.35,-17.77,-19.34,-1,-1,-1,-1,-1,-1,-1,1,-1,-1,-1,-0.6,-2.47,-2.47,-15.94,-25.41,-0.6,-9.46,-3.9,-28.3,-33.13,-12.16,8.86,14.25,18.36,18.36,8.86,0.27,12.64,13.77,2.11,9.66,2.55,1.33,-3.72,-0.23,-22.19,0.987114,44,,,,,,,2.55,-1.33,-5.26,3.5,-24.47,0.987636,33
30-10-2025,NSE:CNXENERGY,IN,,36392.6,,,,,,0.12,2.13,2.94,3.59,3.64,2.7,5.91,8.6,-9.75,-9.79,0,0,0,0,0,0,0,-1,-1,-1,-1,0,0,-0.63,-8.18,-19.05,,,,,,,,,,,,,,,,,-0.98,-0.8,-1.69,-1.98,-14.17,0.984143,,,,,,,,-0.98,0.21,-0.95,-0.37,-13.19,0.990029,
30-10-2025,NSE:ULTRACEMCO,EQ,29000,12053,235018,28326.71954,1.58,1.59,4,0.45,-0.76,-2.14,0.51,0.1,-1.39,3.42,6.36,8.37,17.21,-1,-1,-1,-1,HV2Q,HV2Q,-1,-1,-1,-1,-1,-2.56,-6.38,-6.38,-6.38,-6.38,-2.56,-6.47,-2.83,-4.87,-6.6,-8.47,1.13,9.24,19,28.72,1.13,0,20.66,14.93,20.52,17.94,-4.52,-4.89,-4.18,-4.22,3.95,0.983232,41,,,,,,,-4.52,-0.31,0.5,-0.18,9.04,1.000471,44
30-10-2025,NSE:HINDUNILVR,EQ,60000,2469.6,1587711,39210.11086,1.71,1.73,4,-0.74,-5.34,-2,-1.24,-1.15,0.65,5.16,4.11,-1.44,2.65,-1,-1,-1,-1,-1,-1,-1,-1,-1,-1,-1,-5.15,-8.28,-8.28,-8.28,-18.46,-5.15,-7.23,-2.9,-22.67,-21.81,-17.28,1.32,9.12,14.47,14.47,0,8.82,13.73,8.56,7.93,14.18,-5.77,-2.85,-2.44,-6.47,-5.86,0.976004,39,,,,,,,-5.77,2.95,0.29,-4.34,1.1,0.99342,39
30-10-2025,NSE:ICICIBANK,EQ,90000,1362.4,11226684,152952.34282,1.37,1.4,4,-0.58,-0.1,-2.64,-0.58,1.05,-9.09,-4.74,11.24,8.05,23.02,-1,-1,-1,-1,-1,-1,-1,-1,-1,-1,-1,-5.16,-8.09,-8.48,-8.48,-8.48,-5.16,-9.44,-0.16,-0.2,-10.17,-6.4,1.07,1.07,13.9,30.22,1.07,0,23.43,22.84,22.23,26.63,-3.57,-12.59,-12.34,0.66,3.63,0.973826,36,,,,,,,-3.57,-9.06,-0.27,12.03,3.29,0.999927,41
30-10-2025,NSE:CNXFMCG,IN,,56343.5,,,,,,-0.48,-0.76,2.83,3.29,2.48,2.58,-0.18,0.49,-3.64,4.37,0,0,0,0,0,0,0,-1,-1,-1,-1,-0.76,-1.33,-1.33,-5.7,-15.02,,,,,,,,,,,,,,,,,-2.14,-0.92,-7.78,-10.09,-8.06,0.973358,,,,,,,,-2.14,1.28,-7.08,-2.56,2.74,0.991978,
30-10-2025,NSE:CNXPHARMA,IN,,22298.2,,,,,,-0.59,-0.82,1.08,2.65,3.69,-3.47,2.36,1.91,-1.22,14.82,0,0,0,0,0,0,0,-1,-1,-1,-1,-0.97,-3.36,-3.36,-5.33,-6.25,,,,,,,,,,,,,,,,,-0.93,-6.97,-5.24,-8.67,-5.64,0.972763,,,,,,,,-0.93,-6.26,1.38,-3.69,3.7,0.992125,
30-10-2025,NSE:HCLTECH,EQ,34000,1549.8,2746480,42564.94704,1.81,1.94,1,-0.48,1.67,3.49,6.23,10.48,4.99,-1.14,-15.68,-19.04,-7.31,-1,-1,-1,EEP,EEP,-1,-1,-1,-1,-1,-1,-0.48,-0.48,-10.93,-22.32,-22.32,-0.48,-19.61,-15.37,-21.43,-10.14,-1.35,11.89,11.89,12.79,18.89,11.89,0,7.15,14.07,37.54,41.53,5.86,1.49,-8.74,-26.26,-23.46,0.965832,33,,,,,,,5.86,-4.95,-10.71,-17.61,3.99,0.98254,24
30-10-2025,NSE:HCLTECH,EQ,413806.79,1549.8,2746480,42564.94704,1.81,1.94,1,-0.48,1.67,3.49,6.23,10.48,4.99,-1.14,-15.68,-19.04,-7.31,-1,-1,-1,EEP,EEP,-1,-1,-1,-1,-1,-1,-0.48,-0.48,-10.93,-22.32,-22.32,-0.48,-19.61,-15.37,-21.43,-10.14,-1.35,11.89,11.89,12.79,18.89,11.89,0,7.15,14.07,37.54,41.53,5.86,1.49,-8.74,-26.26,-23.46,0.965832,30,,,,,,,5.86,-4.95,-10.71,-17.61,3.99,0.98254,21
30-10-2025,NSE:ITC,EQ,60000,418.75,14127598,59159.31663,1.14,1.18,3,-0.68,0.67,4.5,4.54,2.75,2.46,-1.68,-5.46,-6.33,8.46,-1,-1,-1,-1,-1,-1,-1,-1,-1,-1,-1,-0.68,-0.68,-5.45,-9.75,-15.14,-0.68,-4.09,-11.7,-13.71,-10.51,-9.77,5.53,5.53,6.05,9.98,5.53,2.25,3.44,7.84,15.99,16.95,-1.87,-1.04,-9.28,-16.04,-10.75,0.965721,27,,,,,,,-1.87,0.89,-8.5,-6.94,6.06,0.989353,36
30-10-2025,NSE:SUNPHARMA,EQ,33000,1703.4,2439711,41558.03717,1.59,1.65,0,-0.73,0.79,2.84,4.22,6.7,-0.42,-7.57,-6.97,-8.54,9.67,-1,-1,-1,-1,-1,-1,-1,-1,-1,-1,-1,-0.73,-1.75,-7.25,-10.48,-12.59,-0.73,-8.33,-7.12,-5.97,-6.49,-5.12,8.96,8.96,8.96,19.13,6.84,1.66,9.19,16.97,27.44,29.31,2.08,-3.92,-15.17,-17.55,-12.96,0.960342,24,,,,,,,2.08,-6.45,-11.37,-2.68,5.42,0.987219,30
30-10-2025,NSE:CNXIT,IN,,35906.4,,,,,,-0.51,-0.48,1.41,1.88,6.16,1.48,0.31,-21.22,-17.36,-5.91,0,0,0,0,0,0,0,-1,-1,-1,-1,-0.62,-2.3,-8.77,-21.94,-21.94,,,,,,,,,,,,,,,,,1.54,-2.02,-7.29,-31.8,-21.78,0.953815,,,,,,,,1.54,-3.81,-5.44,-24.82,10.07,0.981721,
30-10-2025,NSE:CNXMEDIA,IN,,1558.95,,,,,,-0.29,0.81,1.26,0.19,-0.2,-5.05,2.89,-5.42,-24.25,-42.6,0,0,0,0,0,0,0,-1,-1,-1,-1,-2.86,-6.73,-12.12,-25.19,-28.25,,,,,,,,,,,,,,,,,-4.82,-8.55,-4.71,-16,-28.67,0.947267,,,,,,,,-4.82,-3.66,3.31,-11.78,-10.97,0.976458,
30-10-2025,NSE:INFY,EQ,70000,1493.8,7842280,117147.97864,1.62,1.91,4,-1.10,-2.32,1.3,-0.08,3.48,-1.33,-0.42,-25.55,-24.74,-12.82,-1,-1,-1,-1,-1,-1,-1,-1,-1,-1,-1,-2.27,-3.04,-8.95,-25.3,-25.3,-2.27,-12.12,-20.98,-24.98,-6.21,-5.32,4.97,4.97,6.95,7.19,3.66,1.31,8.37,7.4,34.57,33.7,-1.14,-4.83,-8.02,-36.13,-29.16,0.940106,21,,,,,,,-1.14,-3.81,-3.35,-28.25,7.54,0.97593,16
30-10-2025,NSE:SRD,EQ,496.57,68.44,144690,99.02584,4.64,4.7,3,0.15,-4.63,-2.35,-7.42,4.91,-20.22,6.47,2.16,-47.24,NA,-1,-1,-1,HV2Q,-1,-1,-1,-1,-1,-1,-1,-7.02,-21.76,-21.76,-29.94,NA,-7.02,-25.61,0,-42.83,-40.19,NA,8.88,19.46,26.93,NA,8.88,0,52.6,18.71,14.36,NA,0.29,-23.72,-1.13,-8.42,-51.66,0.939659,19,,,,,,,0.29,-25.25,17.95,-7.84,-43.6,0.96991,7
30-10-2025,NSE:TECHM,EQ,22000,1433.8,1694669,24298.16412,1.79,1.85,4,-1.27,-2.06,-1.76,-1.7,1.61,-1.39,-4.83,-20.17,-21.06,7.9,-1,-1,-1,-1,-1,HV2Y,-1,-1,-1,-1,-1,-2.33,-7.72,-16.57,-20.18,-20.18,-2.33,-15.88,-15.41,-16.33,-4.08,-0.01,2.39,2.39,12.65,21.54,2.39,0.21,14.23,18.09,46.06,47.14,-3.01,-4.89,-12.43,-30.75,-25.48,0.93889,16,,,,,,,-3.01,-1.88,-7.63,-17.87,6.15,0.977335,19
30-10-2025,NSE:WIPRO,EQ,25000,241.92,9437376,22830.90002,1.67,1.79,5,-0.15,-0.98,-3.43,-0.97,0.94,-4.08,0.17,-32.32,-13.03,-9.94,-1,-1,-1,-1,EEP,EEP,-1,-1,-1,-1,-1,-4.68,-5.84,-10.42,-24.42,-24.42,-4.68,-11.26,-21.08,-24.55,0,-4.59,2.62,2.62,3.32,10.73,1.07,1.65,7.54,3.14,46.52,25.16,-3.68,-7.58,-7.43,-42.9,-17.45,0.936811,13,,,,,,,-3.68,-3.89,-0.16,-35.78,21.46,0.983733,27
30-10-2025,NSE:TCS,EQ,145000,3035.3,3019777,91659.29128,1.59,1.65,4,-0.73,-1.25,2.16,0.27,4.59,-0.68,-13.78,-36.8,-33.36,-32.79,-1,-1,-1,-1,-1,EEP,-1,-1,-1,-1,-1,-1.61,-4.45,-16.16,-32.16,-33.35,-1.61,-15.56,-25.69,-24.16,-8.81,-11.11,5.09,5.09,5.09,5.09,5.09,0,0,6.88,13.11,10.27,-0.03,-4.18,-21.38,-47.38,-37.78,0.923088,10,,,,,,,-0.03,-4.34,-17.26,-23.46,9.41,0.970233,13
30-10-2025,NSE:TCS,EQ,1107351.87,3035.3,3019777,91659.29128,1.59,1.65,4,-0.73,-1.25,2.16,0.27,4.59,-0.68,-13.78,-36.8,-33.36,-32.79,-1,-1,-1,-1,-1,EEP,-1,-1,-1,-1,-1,-1.61,-4.45,-16.16,-32.16,-33.35,-1.61,-15.56,-25.69,-24.16,-8.81,-11.11,5.09,5.09,5.09,5.09,5.09,0,0,6.88,13.11,10.27,-0.03,-4.18,-21.38,-47.38,-37.78,0.923088,7,,,,,,,-0.03,-4.34,-17.26,-23.46,9.41,0.970233,10
30-10-2025,NSE:VIKASECO,EQ,366.12,1.9,3002533,57.04813,2.33,2.33,6,-0.52,-2.63,-0.53,-3.16,-4.74,-20.53,-20.53,-54.21,-73.68,-142.11,-1,-1,-1,HV2Q,HVQ,HV2Y,-1,-1,-1,-1,-1,-5.94,-17.03,-28.57,-46.33,-60,-5.94,-21.34,-23.67,-43.18,-44.72,-37.74,0,0,0,0,0,0,5.53,3.62,0,2.17,-9.36,-24.03,-28.13,-64.79,-78.1,0.868143,4,,,,,,,-9.36,-13.9,-4.25,-31.18,-5.74,0.944248,4
30-10-2025,NSE:VERTOZ,EQ,649.03,68.3,141587,96.70392,3.69,3.64,5,-0.70,-1.9,-0.75,-3.57,-7.72,-29.81,-21.52,-101.17,-263.54,-423.68,-1,-1,HV2Q,HV2Q,-1,-1,-1,-1,-1,-1,-1,-9.02,-28.18,-38.02,-71.03,-84.5,-9.02,-30.4,-35.61,-79.76,-68.83,-43.67,0.31,0.31,0.31,0.31,0.31,0,13.48,6,1.1,0,-12.34,-33.31,-29.12,-111.75,-267.96,0.822476,1,,,,,,,-12.34,-19.33,2.13,-68.77,-73.82,0.901675,1
