Symbol,Series,Date,Mkt Cap (₹ Crores),ExchangeTried,Avg_Vol,Price_1D,Price_1M,Price_3M,Price_6M,Price_9M,Price_12M,RS,RS_score
NACLIND,BE,23-08-2025,5439.53,NSE,3.32,283.85,302.11,185.12,63.31,50.56,59.209999,2.0298224686605204,99
CCCL,EQ,23-08-2025,665.67,NSE,7.05,17.88,17,20.2,12.03,15.92,1.4,1.9072683361011833,99
BGRENERGY,EQ,23-08-2025,1186.91,NSE,5.1,172.7,101.49,121.4,108.43,37.05,46.27,1.6989560008694142,99
UNITEDPOLY,BE,23-08-2025,811.34,NSE,4.65,34.64,22.81,16.54,16.023,13.129,9.0839996,1.639570161367906,99
KRISHANA,EQ,23-08-2025,3660.19,NSE,2.19,601.95,493,396.9,187.01,212.42,253.45,1.5330309362757724,99
GABRIEL,EQ,23-08-2025,17208.54,NSE,5.23,1192.9,1005.35,653,462.35,426.6,534.25,1.4980512805795743,99
APOLLO,EQ,23-08-2025,6835.75,NSE,104.11,235.16,180.73,138.81,113.3,92.9,107.05,1.4265406479068563,99
MANGCHEFER,EQ,23-08-2025,4252.32,NSE,7.75,354.5,320,259.84,149.24,142.52,132.74001,1.4191568211880907,99
JSLL,EQ,23-08-2025,8949.65,NSE,3.28,720.1,537.4,429.88,333.85,383.66,274.82,1.4108174147249475,99
ZUARI,EQ,23-08-2025,1585.59,NSE,42.14,376.4,218.3,214.97,194.59,212.46,201.62,1.3834326659334721,99
CUPID,EQ,23-08-2025,4569.85,NSE,54.71,171.94,147.42,106.66,69.72,84.04,89.919998,1.3704064433896854,99
PARADEEP,EQ,23-08-2025,17856.3,NSE,161.66,220.12,200.15,159.36,99.32,105.18,86.160004,1.3637492327294258,99
GARUDA,EQ,23-08-2025,1823.62,NSE,21.37,192.25,188.64,102.55,108.64,82.65,105,1.34262158193285,99
BLACKBUCK,EQ,23-08-2025,11092.56,NSE,44.24,644.2,443.4,464.7,447.8,280.9,280.9,1.3386791807249436,99
MANAKCOAT,EQ,23-08-2025,1433.33,NSE,2.49,152.19,156.42,98,90.59,63.61,63.25,1.3378011228580742,98
TFCILTD,EQ,23-08-2025,2895.46,NSE,14.53,309.05,283.05,215.09,129.21,145.43,183.05,1.3233544007976037,98
IXIGO,EQ,23-08-2025,11216.3,NSE,53.14,280.67,222.07,171.57,145.67,143.76,164.67999,1.3152195438922034,98
CARTRADE,EQ,23-08-2025,11539.64,NSE,7.36,2346.7,1962.7,1623.7,1535.55,1306.35,894.5,1.303412957783899,98
MIRCELECTR,BE,23-08-2025,779.63,NSE,40.45,27.34,17.87,13.7327421,14.90188096,18.35362424,24.51480043,1.3002848346886455,98
COMSYN,EQ,23-08-2025,563.33,NSE,3.11,137.75,128.58,102.36,71.85,69.75,64.550003,1.2885366114283998,98
QPOWER,EQ,23-08-2025,5893.5,NSE,8.62,788.7,869.8,433.25,430,430,430,1.2852762117799954,98
VIMTALABS,EQ,23-08-2025,3162.12,NSE,66.28,657.75,513.25,486.85,489.975,371.225,249.675005,1.2849848295209265,98
GANESHIN,SM,23-08-2025,1115.03,NSE,2.92,264.55,197,183.75,134.9,157.7,157.7,1.2779368234135877,98
YATRA,EQ,23-08-2025,2457.46,NSE,83.84,152.24,89.96,96.94,80.2,106.68,128.31,1.2737573716252115,97
JMFINANCIL,EQ,23-08-2025,18178.56,NSE,136.13,193.02,179.59,122.12,100.48,132.06,94.040001,1.2678592768923318,97
PAYTM,EQ,23-08-2025,79618.33,NSE,70.66,1264.6,1071.15,870,733,814.25,572.84998,1.2677156202145698,97
IZMO,EQ,23-08-2025,729.23,NSE,2.8,587.55,419.1,302.3,347.6,458.15,428.5,1.2671759056053218,97
DATAMATICS,EQ,23-08-2025,5523.2,NSE,6.44,980.2,846.25,610.7,610.5,531.55,567.70001,1.2628320720322601,97
MBAPL,EQ,23-08-2025,3846.38,NSE,2.35,444.5,424.85,321.15,285.7,216.36,217.49001,1.2590943192363573,97
AIIL,EQ,23-08-2025,48937.47,NSE,4.1,2983.1,2889,2205.3,1600.3,1601.95,1506.25,1.2588644094602874,97
LAURUSLABS,EQ,23-08-2025,47955.34,NSE,31.67,879.1,822.5,595.05,555.5,489,437.39999,1.2509929968162041,97
STALLION,EQ,23-08-2025,1159.34,NSE,24.31,147.51,117.53,75.13,79.4,120,120,1.250832453406735,97
JAYNECOIND,EQ,23-08-2025,6071.65,NSE,1018.37,60.8,42.98,39.97,33.47,38.72,46.400002,1.2478339623729202,97
ROSSTECH,EQ,23-08-2025,2539.99,NSE,2.78,682.1,604.25,385.9,300.8,559.7,559.7,1.2447805581092592,96
STLTECH,EQ,23-08-2025,6427.33,NSE,39.71,130.49,117.95,71.78,70.66008397,85.60726691,100.42105162,1.2442337376964216,96
SHAILY,EQ,23-08-2025,9242.03,NSE,3.09,2103.4,1635.6,1898.4,1450,1105.6,969.45001,1.2416854858854585,96
GALLANTT,EQ,23-08-2025,15171.75,NSE,4.98,615.35,630.35,468.25,315.15,316.75,366.29999,1.2394588305220517,96
PROSTARM,EQ,23-08-2025,1220.35,NSE,17.5,203.26,222.83,120,120,120,120,1.2355884533577446,96
HIRECT,EQ,23-08-2025,2807.79,NSE,3.46,1653,1309.8,1181.05,983.2,1161,895.09998,1.2293443497790226,96
TI,EQ,23-08-2025,9476.52,NSE,28.46,489.25,473.25,364.8,260.3,343.85,234.95,1.2284655705668455,96
SHANKARA,EQ,23-08-2025,2776.55,NSE,2.94,1032.5,1028,782.35,555,590.15,593.84998,1.223296172409114,96
KRBL,EQ,23-08-2025,10922.63,NSE,30.07,473.3,409.55,364.25,269.05,287.4,294.5,1.2120769603656587,96
RISHABH,EQ,23-08-2025,1632.4,NSE,6.34,429.4,288.65,299.45,239.25,331.2,373.85001,1.2085052958725966,95
GODFRYPHLP,EQ,23-08-2025,57455.88,NSE,5.38,10566,9384,8277,7038,5985.65,5845.5498,1.2083760747209362,95
HBLENGINE,EQ,23-08-2025,22009.28,NSE,55.04,800.65,585.25,555.25,477.6,547.75,652.84998,1.204536739157789,95
GVT&D,EQ,23-08-2025,70809.67,NSE,5.92,2770,2500.4,2073.6,1448.05,1895,1807.9,1.2023978898102072,95
HUBTOWN,EQ,23-08-2025,4637.54,NSE,14.8,345.65,296.8,181.94,240.1,278.1,271.17999,1.2001342220217448,95
ABDL,EQ,23-08-2025,14631.64,NSE,5.9,522.1,473.7,398,333.25,311.9,309.14999,1.1987496470612151,95
SHARDACROP,EQ,23-08-2025,8793.79,NSE,11.67,961.2,883.1,656.6,544.05,816.65,558.29999,1.1925984126630456,95
LLOYDSENT,EQ,23-08-2025,9498.97,NSE,66.65,71.97,75.03323613,52.24075926,40.83994953,41.94620292,49.8271155,1.1916238826114647,95
SARDAEN,EQ,23-08-2025,21019.54,NSE,38.54,596.8,452.1,444.35,480.65,410.3,330.25,1.1912126210292049,95
ACUTAAS,EQ,23-08-2025,11478.02,NSE,4.36,1423.9,1187.2,1191.2,1102.275,1012.825,647.75,1.1871650561645648,94
GRMOVER,EQ,23-08-2025,2244,NSE,10.01,374.75,378.2,303.65,220.35,200.52,257.23999,1.1866475098890925,94
NAVA,EQ,23-08-2025,18970.99,NSE,15.33,671.85,630.65,454.15,394,472.45,468.95001,1.1860957144663944,94
FORTIS,EQ,23-08-2025,71411.49,NSE,24.5,934.4,823.7,708.2,613.45,657.8,528.79999,1.1837731898697448,94
SYRMA,EQ,23-08-2025,14336.66,NSE,12.62,745.95,699.2,554.8,444.5,559.4,428.10001,1.1825936014399374,94
HLEGLAS,EQ,23-08-2025,3327.71,NSE,10.06,523.25,423.05,429.55,277,363.7,411.35001,1.1804342866469026,94
HCG,EQ,23-08-2025,9427.27,NSE,2.55,677.7,569.9,560.1,490.8,467.5,352.45001,1.1787700097311895,94
ABCAPITAL,EQ,23-08-2025,75962.3,NSE,65.44,286.35,268.6,221.95,153.97,184.76,218.11,1.178347452090752,94
CHOICEIN,EQ,23-08-2025,16192.29,NSE,5.99,803.25,761.3,706.45,492.95,530.4,423.79999,1.1782692209129313,94
SUDARSCHEM,EQ,23-08-2025,11207.86,NSE,5.5,1428,1233.9,1104.9,876.75,940.9,987.25,1.1770373712676474,94
BELRISE,EQ,23-08-2025,12881,NSE,153.2,146.58,130.71,100,100,100,100,1.1768779958734141,93
FEDFINA,EQ,23-08-2025,5124.35,NSE,14.38,142.03,124.33,93.29,89.89,97.54,117.66,1.1763331795933023,93
FLYSBS,ST,23-08-2025,971.26,NSE,5.45,587.7,427.5,427.5,427.5,427.5,427.5,1.1744217669295693,93
YATHARTH,EQ,23-08-2025,6886.93,NSE,8.16,716.15,633.05,525.5,393.45,605.95,476.39999,1.174236550102996,93
SIRCA,EQ,23-08-2025,2488.32,NSE,7.16,458.85,418.45,328.8,270.5,334.1,331.95001,1.1708717167411657,93
GRSE,EQ,23-08-2025,29530.36,NSE,7.44,2552.8,2646.7,2727.3,1294.65,1409.25,1776.05,1.1635771764110665,93
BSE,EQ,23-08-2025,94768.45,NSE,44.82,2332.8,2557.2,2450,1736.23333333,1575.78333333,901,1.1615314840800335,93
LTF,EQ,23-08-2025,55401.72,NSE,60.98,222.7,213.51,174.29,136.04,139.71,167.36,1.159829323007797,93
SPMLINFRA,EQ,23-08-2025,2019.49,NSE,9.4,278.65,290.72,183.9,173.5,191.93,221.34,1.1584271801324928,93
ORICONENT,EQ,23-08-2025,832.35,NSE,6.44,52.67,45.52,43.06,40.15,28.66,40.48,1.1579401758950079,92
CPPLUS,EQ,23-08-2025,15250.57,NSE,29.41,1360.45,1015,1015,1015,1015,1015,1.157413258978882,92
KIOCL,EQ,23-08-2025,26807.9,NSE,57.51,431.75,358.8,282.3,261.8,363.25,411.39999,1.1558594286758062,92
POCL,EQ,23-08-2025,3222.31,NSE,5.12,1094.2,948.5,793.15,664.5,865.4,845.225,1.1557145725087061,92
ARIHANTCAP,EQ,23-08-2025,1116.09,NSE,7.37,112.04,104.69,70.96,75.08,100.28,79.010002,1.1531177666310004,92
GUJTHEM,EQ,23-08-2025,4295.41,NSE,2.5,400.6,376.05,314.4,269.85,269.85,269.85,1.1508771215196636,92
KAMATHOTEL,EQ,23-08-2025,878.86,NSE,3.82,305.83,243.72,245.21,271.14,194.29,201.50999,1.1503308320298828,92
KRN,EQ,23-08-2025,5417.57,NSE,7.87,955.3,868,760.55,795.45,737.1,480,1.1496578403634012,92
GLOBUSSPR,EQ,23-08-2025,3519.34,NSE,2.16,1248.8,1134.1,984.6,843.35,833.35,888.29999,1.1496356477381289,92
SPIC,EQ,23-08-2025,2253.08,NSE,43.13,110.38,88.36,87.1,79.08,72.71,90.639999,1.1482022182477492,91
ROHLTD,EQ,23-08-2025,1182.03,NSE,6.4,482.7,435.5,383.85,341.15,316.35,337.20001,1.1477639231079275,91
OSWALPUMPS,EQ,23-08-2025,9847.65,NSE,9.03,873.8,769.4,634,634,634,634,1.146163666998717,91
CAMLINFINE,BE,23-08-2025,3852.38,NSE,4.33,214.25,290.45,217.5,149.29,118.83279208,102.04927212,1.1435248744785664,91
PROZONER,EQ,23-08-2025,649.48,NSE,4.68,41.77,40.51,35,31.2,23.01,30.92,1.1427686803677322,91
DELHIVERY,EQ,23-08-2025,35211.54,NSE,40.12,473.6,444.2,362.55,267.35,344.25,438.20001,1.140428518392251,91
ASHAPURMIN,EQ,23-08-2025,4801.14,NSE,5.6,488.8,569.5,396.45,393.4,249.46,331,1.1397647698677469,91
EIDPARRY,EQ,23-08-2025,20802.14,NSE,3.56,1178,1183.7,987.1,719.2,822.25,803.20001,1.1396824554672744,91
SAILIFE,EQ,23-08-2025,19208.51,NSE,7.53,925.9,815.35,735.45,667.25,650,650,1.1396477049157003,91
STARCEMENT,EQ,23-08-2025,12066.85,NSE,17.04,276.71,235.92,220.03,208.77,179.06,218.63,1.137391053131901,91
VINCOFE,EQ,23-08-2025,2048.81,NSE,16.47,155.23,150.97,112.53,95.42,114.09,136,1.1354443210421206,90
VMM,EQ,23-08-2025,70018.45,NSE,236.77,150.67,140.93,125.18,102.72,104,104,1.1353436590289587,90
RBLBANK,EQ,23-08-2025,15497.01,NSE,101.19,253.15,258.92,204.62,155.8,156.18,218.72,1.135154222711828,90
RADICO,EQ,23-08-2025,38757.32,NSE,4.21,2890.4,2762.1,2440,1950.45,2256.2,1712.7,1.1347063545712401,90
MFSL,EQ,23-08-2025,57220.03,NSE,5.5,1638.7,1549.7,1476.5,1065.65,1189.6,1018.4,1.1341755903795787,90
RALLIS,EQ,23-08-2025,7166.18,NSE,10.49,378.05,357.05,281.72,212.85,308.8,338.39999,1.1339153837246092,90
NUVOCO,EQ,23-08-2025,16704.19,NSE,5.34,457.35,410.3,356.4,319.5,338.05,337.60001,1.132490638062756,90
SENORES,EQ,23-08-2025,3209.94,NSE,5.92,724.25,608.95,504.6,527.4,600,600,1.1319117459386756,90
PENIND,EQ,23-08-2025,3534.24,NSE,15.82,257.47,252.56,214.68,168.05,181.8,179.94,1.1301799936945418,90
HDFCAMC,EQ,23-08-2025,123913.27,NSE,4.75,5828,5599,4830.8,3730.55,4190.15,4298.75,1.1285531640251256,89
MCX,EQ,23-08-2025,40431.51,NSE,4.84,7960,8261.5,6457,5550.5,6106.35,4774.3501,1.126702877810233,89
TRANSRAILL,EQ,23-08-2025,10645.83,NSE,44.54,779.75,718.75,597.5,550.2,590,590,1.1251010567012372,89
ATHERENERG,EQ,23-08-2025,15520.39,NSE,21.52,417.25,335.45,319.4,328,328,328,1.1244065224625437,89
DENTA,EQ,23-08-2025,1098.3,NSE,14.35,423.4,359.9,323.35,327.9,325,325,1.1230358259675317,89
MANAPPURAM,EQ,23-08-2025,22417.82,NSE,43.9,266.75,273.3,230.36,193.29,154.76,208.38,1.1219632482864277,89
BANCOINDIA,EQ,23-08-2025,8320.48,NSE,2.88,580.65,644.3,542.2,316.95,527,332.725005,1.1217419398227217,89
TATVA,EQ,23-08-2025,2559.56,NSE,2.93,1107.2,997.4,901.8,693.3,831.75,987.34998,1.1202013880321087,89
GOODLUCK,EQ,23-08-2025,3656.24,NSE,2.03,1124.5,1102.5,901.2,666.65,926.35,895.20001,1.1191512704137405,89
INDIGO,EQ,23-08-2025,235579.87,NSE,8.01,6086.5,5897,5420,4303,4045.9,4302.0498,1.1185651480001297,88
ASTERDM,EQ,23-08-2025,31377.41,NSE,7.45,602.5,598.45,546.4,405.8,433.05,393.39999,1.1178720766366799,88
GODREJIND,EQ,23-08-2025,43376.88,NSE,2.23,1287.6,1129.2,1168.1,824.95,1027.5,932.15002,1.1178204611629061,88
ETERNAL,EQ,23-08-2025,310258.77,NSE,484.01,319.1,302.05,226.8,218.53,271.36,263.12,1.1172294417349031,88
TVSMOTOR,EQ,23-08-2025,155591.03,NSE,12.1,3294.6,2802.6,2776.8,2365.7,2429.25,2636.2,1.117195332676182,88
GEPIL,EQ,23-08-2025,2460.53,NSE,9.23,374.6,298.45,255.87,227.45,393.15,455.60001,1.116732360743499,88
IPL,EQ,23-08-2025,2666.61,NSE,13.34,225.69,221.19,171.63,134.02,183.52,208.92999,1.1155901480529689,88
GPIL,EQ,23-08-2025,15002,NSE,31.96,238.61,192.96,200.69,175.02,185.93,192.68,1.1153562259800573,88
DEEPINDS,EQ,23-08-2025,3632,NSE,4.92,551.15,474.15,426.65,473.25,493.2,345.20001,1.1139256958145052,88
CREDITACC,EQ,23-08-2025,22172.89,NSE,2.74,1398.6,1354.9,1143.7,1015.35,884.6,1228.65,1.1138556067112282,88
BHARTIHEXA,EQ,23-08-2025,89925,NSE,2.45,1859.6,1814.3,1691.6,1328.95,1395.9,1154.95,1.1130290655980881,87
LEMONTREE,EQ,23-08-2025,13341.43,NSE,44.98,169.45,156.82,140.12,129,121.64,124.33,1.1130090434952495,87
JGCHEM,EQ,23-08-2025,1982.42,NSE,3.15,489.4,494.2,351.9,327.4,413,397.10001,1.1122810312410314,87
POONAWALLA,EQ,23-08-2025,35138.37,NSE,19.72,465.5,446.45,396.3,285.3,358.3,399.75,1.108719679507612,87
DEEPAKFERT,EQ,23-08-2025,19137.65,NSE,3.17,1529.1,1595.8,1365.9,985.75,1272.55,959.70001,1.1078665535014518,87
MUTHOOTFIN,EQ,23-08-2025,107031.5,NSE,8.46,2680.6,2690,2095,2243.9,1896.45,1875.3,1.1077078832879934,87
ASAHIINDIA,EQ,23-08-2025,20945.84,NSE,2.13,882.85,854,728.6,649.4,656.5,645.65002,1.1076527253291413,87
BLISSGVS,EQ,23-08-2025,1722.56,NSE,20.66,161.3,156.84,125.6,125.92,120.66,119.69,1.1070104175894613,87
NELCAST,EQ,23-08-2025,1410.29,NSE,11.22,163.87,165.05,140.78,106.34,111.7,142.55,1.1068286058808523,87
PFOCUS,EQ,23-08-2025,4955.89,NSE,24.19,151.97,161.02,105.22,100.97,125.84,137.81,1.1063876778398303,86
UNOMINDA,EQ,23-08-2025,70693.16,NSE,10.84,1265.8,1071.4,1013,890.55,1040.3,1159.05,1.104444098936585,86
ITCHOTELS,EQ,23-08-2025,51909.56,NSE,27.27,244.8,243.51,214.97,168.64,180,180,1.103855026370894,86
KALAMANDIR,EQ,23-08-2025,2841.57,NSE,16.86,186.25,176.32,117.95,158.97,159.57,171.28,1.1034581715948495,86
CHALET,EQ,23-08-2025,22360.78,NSE,9.55,1019.45,933.55,914.3,674.85,838.9,767.54999,1.1018571189708557,86
HYUNDAI,EQ,23-08-2025,198666.3,NSE,8.35,2366.6,2117.1,1889.3,1843.9,1829.8,1934,1.101418186610518,86
GLENMARK,EQ,23-08-2025,54803.4,NSE,8.59,1937.3,2138.8,1390.1,1373.8,1492.65,1637.95,1.1009548362989479,86
STAR,EQ,23-08-2025,8009.81,NSE,4.52,865.5,918.9,705.5,620.35,668.256,612.84,1.1002809930706963,86
ITDCEM,EQ,23-08-2025,13055.86,NSE,6.45,763.15,804.45,723.55,523.75,520.2,548.34998,1.0985531204114591,86
HNGSNGBEES,EQ,23-08-2025,1048.31,NSE,2.52,452.88,436.58,388.9,415.8,334.15,280.07999,1.0982899626157554,85
MAFANG,EQ,23-08-2025,3864.12,NSE,2.54,154.89,153.93,135.55,143.9,108.43,95.610001,1.0971949386864315,85
COFFEEDAY,EQ,23-08-2025,966.27,NSE,33.86,44.33,37.31,31.86,28.84,39.990002,60.299999,1.0969804905111957,85
CUMMINSIND,EQ,23-08-2025,107969.4,NSE,6.97,3916,3616.4,2944.6,2721.45,3301.25,3829.55,1.0959052500170914,85
TIMETECHNO,EQ,23-08-2025,10926.63,NSE,11.41,479.4,464.7,373.2,376.25,366.5,388.89999,1.0958402650568717,85
AMBER,EQ,23-08-2025,24845.55,NSE,4.61,7260.5,7312.5,6425,5779.85,6168.95,4240.5498,1.094608913275027,85
SUNFLAG,EQ,23-08-2025,5457.04,NSE,3.26,291.85,294.35,267.26,219.04,197.92,219.7,1.0936252133463789,85
GMDCLTD,EQ,23-08-2025,13699.44,NSE,46.51,427.3,457.9,361.7,262.8,334.85,368.04999,1.09326805477301,85
MANORAMA,EQ,23-08-2025,8340.01,NSE,2.84,1414,1588.9,1389.3,1034.35,1032.25,834.09998,1.0930321419365892,85
TDPOWERSYS,EQ,23-08-2025,8011.1,NSE,9.15,517.95,483.45,475.35,323.3,440.7,422.79999,1.0929714725859407,84
DYCL,EQ,23-08-2025,2229.1,NSE,5.61,453.75,444.6,414.825,322.175,430.375,272.25,1.0927426960869067,84
DDEVPLSTIK,EQ,23-08-2025,3323.67,NSE,2.18,325.05,324.85,265.85,223.55,265,265,1.0924208776670472,84
COROMANDEL,EQ,23-08-2025,71498.2,NSE,5.25,2422.9,2331.2,2399.7,1707.55,1764.6,1749.5,1.09225225199247,84
MBEL,EQ,23-08-2025,2598.82,NSE,53.15,465.2,385,385,385,385,385,1.092116511157944,84
KIMS,EQ,23-08-2025,29810.35,NSE,4.92,736.8,763.85,670.85,561.25,567.2,474.64,1.0907944544057913,84
DIACABS,EQ,23-08-2025,7741.2,NSE,18.39,146.49,167.94,100.3,85.65,155.405,140,1.0901925146387221,84
NH,EQ,23-08-2025,37612.61,NSE,3.43,1813.7,1993.9,1776.9,1326.75,1262,1180.4,1.089882043194419,84
AVONMORE,EQ,23-08-2025,574.25,NSE,5.67,20.27,18.06,21.56,21.56,12.97043313,12.16621017,1.089768707900835,84
LLOYDSME,EQ,23-08-2025,72609.33,NSE,3.17,1353.7,1526.8,1349,1129.75,948.7,747.59998,1.0897538472033352,84
INDIAGLYCO,EQ,23-08-2025,5312.99,NSE,2.6,853.9,886.2,927.1,557.6,571.5,632.55,1.089541795912692,83
AVL,EQ,23-08-2025,6600.41,NSE,4.28,502.25,393.55,421.15,384.6,472.9,440,1.0893949672181287,83
ACMESOLAR,EQ,23-08-2025,17375.1,NSE,18.19,290.8,286.19,247.03,177.67,264.15,251,1.0885963383892567,83
SAURASHCEM,EQ,23-08-2025,1311.23,NSE,6.37,119.58,107.14,92.34,81.77,104.21,127.08,1.088329336854877,83
MGEL,EQ,23-08-2025,534.87,NSE,9.47,15.92,16.94,13.17,12.12,11.475,12.5299995,1.0881979213035122,83
SBC,EQ,23-08-2025,897.62,NSE,82.51,18.93,16.97,14.65,11.60665506,18.61331472,21.24664609,1.0874878095677196,83
CCL,EQ,23-08-2025,11950.75,NSE,3.24,882.55,856.9,804.9,594.4,701.55,710.29999,1.0869982520956432,83
EVEREADY,EQ,23-08-2025,3161.9,NSE,5.06,434.75,417.9,315.45,299.85,381.65,471.14999,1.0860862578779051,83
MOTILALOFS,EQ,23-08-2025,56767.67,NSE,10.33,929.25,931.25,782.85,614.35,906.3,677.45001,1.0860774921758067,83
CRIZAC,EQ,23-08-2025,6010.65,NSE,21.12,351.6,341.15,281.05,281.05,281.05,281.05,1.0859907633394097,82
GOKULAGRO,EQ,23-08-2025,4854.18,NSE,2.23,328,317.85,243.4,277.3,309.35,236.44,1.0857856207937173,82
DALBHARAT,EQ,23-08-2025,44002.79,NSE,3.31,2326.4,2269.7,2056.1,1808.15,1745.25,1767.7,1.085509245424363,82
SIGNPOST,EQ,23-08-2025,1501.89,NSE,2.25,283.48,238.15,213.67,256.25,247.89,249.32001,1.08481035681428,82
SAGILITY,EQ,23-08-2025,21290.68,NSE,404.5,46.06,44.88,42.87,47.9,29.25,31.06,1.0837857963445345,82
AADHARHFC,EQ,23-08-2025,22218.65,NSE,8.1,521.85,516.75,449.25,392.65,424.25,391.20001,1.0834592216413412,82
SBFC,EQ,23-08-2025,12373.63,NSE,20.21,113.43,118.57,105.8,80.81,84.42,84.620003,1.0825853008157647,82
RAMCOIND,EQ,23-08-2025,2653.75,NSE,2.18,307.2,288.9,257.43,236.79,281.82,226.39999,1.0808348885515038,82
WCIL,EQ,23-08-2025,1348.97,NSE,7.05,130.68,114.41,94.74,91.85,119.82,171,1.08052117946488,82
INDIANB,EQ,23-08-2025,90293.73,NSE,14.63,670.25,624.4,594.85,517.55,523.05,558.5,1.0785808814952187,81
IOLCP,EQ,23-08-2025,2882.44,NSE,25.84,96.82,98.65,87.17,68.27,70.26,86.709998,1.078048501110162,81
ASTRAMICRO,EQ,23-08-2025,9371.07,NSE,2.96,1008.75,988.4,1065.75,625.95,757.3,876.79999,1.0778565344773186,81
NETWEB,EQ,23-08-2025,11719.99,NSE,15.58,2322.4,1956.3,1896.6,1370.25,2843.5,2542.5,1.0778472428966592,81
MEDANTA,EQ,23-08-2025,37346.57,NSE,5.3,1384.7,1312.7,1207,1131.25,1091.9,1081.65,1.0774619702855508,81
CSBBANK,EQ,23-08-2025,7194.46,NSE,6.08,403,428.8,365.85,281.35,307.15,321.5,1.077445578193459,81
TECHNOE,EQ,23-08-2025,17532.16,NSE,2.39,1545,1481.2,1275,919.6,1470.9,1703.9,1.0769037245807114,81
CENTRUM,BE,23-08-2025,1620.03,NSE,2.98,39.57,38.21,31.99,29.16,32.54,37.580002,1.0763149096284,81
BCG,EQ,23-08-2025,3359.84,NSE,275.12,16.59,14.44,9.95,17.200001,17,18.85,1.075961796352773,81
MARUTI,EQ,23-08-2025,448966.88,NSE,4.42,14349,12627,12421,12762.9,10959.3,12214.95,1.075632572094066,81
WAAREEENER,EQ,23-08-2025,92648.83,NSE,27.2,3188.6,3188.9,2804.4,2173.6,2901.8,2500,1.075423518065437,80
MASPTOP50,EQ,23-08-2025,1076.16,NSE,4,62.86,59.23,54.21,60.21,50.4,43.369999,1.0749435992591334,80
ZUARIIND,EQ,23-08-2025,1023.13,NSE,5.35,341.35,271.2,298.1,253.95,320.15,339.70001,1.0748920333191851,80
HINDWAREAP,EQ,23-08-2025,2562.92,NSE,2.75,297.3,263.8,241.24,194.9,268.05,363.80104524,1.0748830374803446,80
ENRIN,EQ,23-08-2025,117377.32,NSE,7.09,3374,3010.6,2840,2840,2840,2840,1.0737619231619826,80
NYKAA,EQ,23-08-2025,64199.78,NSE,58.99,224.94,218.71,200.26,173.49,170.31,192.62,1.0737294537982196,80
JSL,EQ,23-08-2025,63912.16,NSE,11.28,777.55,675.8,657.85,590.3,686,740.45001,1.072928188666658,80
RICOAUTO,EQ,23-08-2025,1273.03,NSE,92.39,92.28,74.46,71.44,68.84,86.24,120.78,1.072777914282478,80
INDIASHLTR,EQ,23-08-2025,9917.99,NSE,2.55,904.55,959.7,867.05,658.1,649.2,724.20001,1.0722640741649907,80
KAYNES,EQ,23-08-2025,41168.57,NSE,7.06,6209,5747.5,5975,4049.5,5775.85,5198.25,1.0709331301964677,79
SHREERAMA,EQ,23-08-2025,561.23,NSE,2.94,42.32,42.14,40.44,33.29,36.32,28.049999,1.0708842757596693,79
NILASPACES,EQ,23-08-2025,549.48,NSE,5.29,13.92,14.52,11.24,11.75,12.58,9.71,1.0708322299047746,79
UPL,EQ,23-08-2025,53518.32,NSE,28.08,716.45,727.35,632.05,632.2,524.4801708,543.04034233,1.0706529399263678,79
MANINDS,EQ,23-08-2025,2756.64,NSE,4.58,404.25,438.6,353,252.35,304.35,447.79999,1.0706525839374526,79
AUBANK,EQ,23-08-2025,56199.78,NSE,24.53,742.05,736.75,698.9,522.05,591,621.15002,1.0706493833089292,79
PUNJABCHEM,EQ,23-08-2025,1491.2,NSE,2.4,1203.7,1281.6,1099.1,719.55,982.1,1220.45,1.0700901978986632,79
AFFLE,EQ,23-08-2025,27253.26,NSE,2.58,1948.4,1879,1710.8,1544,1573.45,1605.35,1.0699775411564765,79
BEL,EQ,23-08-2025,273568.47,NSE,127.44,374.85,400.2,384.55,248.5,279,303.14999,1.0694284911114134,79
IIFLCAPS,EQ,23-08-2025,10184.84,NSE,6.28,322.45,324.75,278.19,222.8,320,248.95,1.0691642379446369,78
PARAGMILK,EQ,23-08-2025,2857.26,NSE,6.24,236.02,253.59,211.74,158.19,201.74,193.32001,1.0683795508352882,78
SILVER,EQ,23-08-2025,1028.24,NSE,6.77,114.55,116.57,98.3,96.75,92.34,86.360001,1.0683462838493774,78
SILVERADD,EQ,23-08-2025,929.99,NSE,3.78,110.54,112.65,94.9,93.09,89.12,83.379997,1.0683451220587152,78
STYLEBAAZA,EQ,23-08-2025,2350.45,NSE,4.78,314.95,274.15,269.75,192.2,319.1,389,1.0682397411388354,78
SILVER1,EQ,23-08-2025,1499.44,NSE,4.27,111.3,113.24,95.7,93.99,89.69,83.949997,1.0680914973378426,78
DMART,EQ,23-08-2025,305454.1,NSE,6.98,4698.8,4043.9,4138.4,3621.5,3752.45,5079.2002,1.067877141287793,78
KPIL,EQ,23-08-2025,22115.04,NSE,5.93,1300.1,1197.8,1117.75,923.3,1194.85,1217.6,1.0677952786200582,78
HDFCSILVER,EQ,23-08-2025,1265.01,NSE,14.65,110.28,112.27,94.73,93.12,88.97,83.599998,1.0675523329737029,78
SILVERIETF,EQ,23-08-2025,6881.09,NSE,31.48,114.43,116.62,98.43,96.66,92.39,86.57,1.0673018918919885,78
SILVERBEES,EQ,23-08-2025,9766.04,NSE,103.3,109.93,112.01,94.55,92.86,88.82,83.370003,1.067023676551086,77
SBISILVER,EQ,23-08-2025,1244.69,NSE,5.58,112.61,114.81,96.87,94.95,90.99,85.540001,1.0669531385030557,77
HOMEFIRST,EQ,23-08-2025,13181.2,NSE,5,1307.4,1407.6,1175,954.75,1052,1032.95,1.0669148142927525,77
OLECTRA,EQ,23-08-2025,12534.55,NSE,11.14,1553.5,1327.3,1345.4,1146.55,1419.45,1594.45,1.0662764356309287,77
UDAICEMENT,EQ,23-08-2025,2051.57,NSE,6.21,36.23,37.24,31.67,26.15,28.15,34.240002,1.0660587324500834,77
ABSLAMC,EQ,23-08-2025,25553.23,NSE,3.21,882.2,878.35,731.1,647.9,819.75,751.40002,1.0659950338445257,77
SANGHVIMOV,EQ,23-08-2025,2991.63,NSE,10.44,338.05,265.35,299.1,243.15,312.75,417.850005,1.0656830319785529,77
WELCORP,EQ,23-08-2025,23561.18,NSE,5.85,889.6,918.65,776.45,734.75,686.9,710.90002,1.0656301288071923,77
FACT,EQ,23-08-2025,65483.68,NSE,6.17,1010.55,943,925.7,748.8,818.15,938.5,1.0655860245024706,77
EICHERMOT,EQ,23-08-2025,163661.68,NSE,4.89,5924.5,5441.5,5427.5,4745.2,4965.45,4883.25,1.0654346723855614,76
APOLLOHOSP,EQ,23-08-2025,113877.45,NSE,5.01,7922.5,7373.5,7096.5,6300.2,6686.9,6672.8999,1.0648618005422008,76
SKIPPER,EQ,23-08-2025,6208.66,NSE,16.89,539.8,475.8,503.5,407.5,529.2,424.75,1.0645656001875985,76
AVALON,EQ,23-08-2025,5630,NSE,4.6,854.1,876.85,864.3,623.45,854.45,518,1.0645448540478841,76
CUB,EQ,23-08-2025,16028,NSE,17.66,211.66,213.99,196.14,160.85,170.57,170.07001,1.0638614392105186,76
DBREALTY,EQ,23-08-2025,9735.88,NSE,8.08,176.21,193.8,163.77574701,112.88630085,134.32940876,173.7646022,1.0638363104314932,76
BLUEJET,EQ,23-08-2025,13407.14,NSE,5.02,775.35,816.7,810.75,754.3,549.95,470.35001,1.0634283662104633,76
MAXHEALTH,EQ,23-08-2025,121431.13,NSE,19.25,1234.7,1255.4,1174.1,1014.65,997.8,877.54999,1.0629476029355251,76
ASIANENE,EQ,23-08-2025,1516.51,NSE,6.01,338.95,292.1,317.25,237.55,330.75,314.79999,1.062162696961141,76
KAJARIACER,EQ,23-08-2025,20307.22,NSE,7.77,1274.2,1214.5,1049.5,890.35,1165.55,1365.75,1.062051671847135,75
FLAIR,EQ,23-08-2025,3300.98,NSE,2.12,312.05,323.05,280.39,209.75,263.55,292.95001,1.0618205796584432,75
SWIGGY,EQ,23-08-2025,107176.94,NSE,136,427.9,418.7,320.85,338.25,412.45,420,1.0606393303556254,75
TAJGVK,EQ,23-08-2025,2793.35,NSE,3.16,439.15,423.8,446.15,398.7,321.65,318.04999,1.0602761501074989,75
DIXON,EQ,23-08-2025,101370.96,NSE,2.64,16893,16556,15085,14199.5,14876.4,12675.7,1.0592611761105022,75
GOLDSHARE,EQ,23-08-2025,2094.84,NSE,3.56,83.7,84.75,80.9,72.45,64.15,61.099998,1.0590967132297797,75
BSLGOLDETF,EQ,23-08-2025,1223.05,NSE,2.31,87.68,88.79,84.24,76.02,67.64,63.990002,1.058978635328165,75
GOLDETF,EQ,23-08-2025,885.24,NSE,5.66,97.03,98.25,93.71,84.18,74.63,71.099998,1.0581831522075806,75
GOLD1,EQ,23-08-2025,6867.77,NSE,8.32,83.26,84.38,80.5,72.13,64.13,61,1.0579358180946095,75
TATAGOLD,EQ,23-08-2025,920.29,NSE,125.14,9.7,9.82,9.37,8.41,7.48,7.11,1.0579239027761982,75
HDFCGOLD,EQ,23-08-2025,10053.71,NSE,24.74,85.24,86.48,82.4,73.89,65.59,62.48,1.057829879118755,74
GOLDETFADD,EQ,23-08-2025,848.58,NSE,3.63,96.94,98.45,93.52,84.04,74.69,71.120003,1.0577196515114036,74
AXISGOLD,EQ,23-08-2025,2036.5,NSE,5.47,83.19,84.39,80.34,72.11,64.19,60.959999,1.0576912963800122,74
GOLDBEES,EQ,23-08-2025,22974.24,NSE,127.35,82.62,83.75,79.77,71.65,63.72,60.669998,1.0576051244450033,74
SETFGOLD,EQ,23-08-2025,9229.92,NSE,27.75,85.16,86.41,82.17,73.92,65.63,62.540001,1.0575515411290755,74
GOLDIETF,EQ,23-08-2025,8427.63,NSE,23.89,85.38,86.67,82.46,73.91,65.79,62.790001,1.0575241955931698,74
SMARTWORKS,EQ,23-08-2025,5432.65,NSE,4.78,491.1,422.05,435,435,435,435,1.0571588797675542,74
ASKAUTOLTD,EQ,23-08-2025,10142.99,NSE,2.26,511.8,517.95,437.05,427.1,438.1,420.75,1.0565499170561816,74
GLAND,EQ,23-08-2025,32053.36,NSE,3.24,1957.4,2038,1527.6,1478.65,1783,1929.9,1.056536506160401,74
SHYAMMETL,EQ,23-08-2025,26422.62,NSE,3.4,940,925.75,871.6,722.65,821.8,762.34998,1.0564669147086831,73
PDMJEPAPER,EQ,23-08-2025,1269.96,NSE,2.6,132.55,121.96,103.88,114.61,133.69,117.58,1.0562085581821674,73
BHARTIARTL,EQ,23-08-2025,1100563.35,NSE,92.47,1933.3,1943.8,1847.4,1675.55,1525.5,1449.15,1.0554100662816264,73
SHREDIGCEM,EQ,23-08-2025,1433.15,NSE,8.02,94.7,90.67,83.07,66.08,85.73,98.910004,1.0552830202760393,73
SOUTHBANK,EQ,23-08-2025,7810.33,NSE,81.13,29.9,29.5,28.96,24,22.93,25.51,1.0551349544094835,73
POLYCAB,EQ,23-08-2025,106758.62,NSE,2.72,7100.5,6885,5949.5,5414.2,6517.05,6786,1.0550268671702827,73
M&M,EQ,23-08-2025,420001.86,NSE,25.63,3403,3268.8,3080.2,2831.95,2948.95,2771.3,1.0548156470559058,73
INDOFARM,EQ,23-08-2025,1124.41,NSE,7.98,225.73,210.22,152.25,192.1,256,256,1.0540351964718115,73
TORNTPHARM,EQ,23-08-2025,123586.03,NSE,4.1,3685.3,3553.7,3187.4,3078,3094.85,3362.5,1.0536969909799119,73
PANACEABIO,EQ,23-08-2025,2471.47,NSE,2.01,408.15,432.2,542.5,343.7,394.3,193.64,1.0530441071746028,72
SCODATUBES,EQ,23-08-2025,1029.83,NSE,3.56,171.11,201.29,140,140,140,140,1.0529808335687874,72
JPPOWER,EQ,23-08-2025,13083.25,NSE,401.04,18.87,21.51,15.2,13.56,16.66,18.1,1.0523009387021804,72
ANTHEM,EQ,23-08-2025,47388.66,NSE,20.41,822.9,756.2,723.05,723.05,723.05,723.05,1.0512228330591689,72
EIHOTEL,EQ,23-08-2025,25139.64,NSE,11.01,406.2,383.95,370.15,321.15,357.85,365.39999,1.0511989477775439,72
HEROMOTOCO,EQ,23-08-2025,102214.67,NSE,10.05,4997.9,4363.7,4359.4,3876.45,4775.8,5244.3999,1.0507493720635215,72
DIGISPICE,EQ,23-08-2025,635.52,NSE,3.93,27.2,22.37,21.23,22.17,27.11,37.119999,1.050657367100407,72
SUMICHEM,EQ,23-08-2025,29646.76,NSE,8.72,598.05,588.3,534.05,473.65,518.3,536.75,1.0504811972797745,72
RAMCOCEM,EQ,23-08-2025,26129.21,NSE,2.68,1073.3,1189.1,982.75,860.75,903.55,809.79999,1.0502166085177136,72
POLICYBZR,EQ,23-08-2025,87419.62,NSE,10.64,1911.2,1820.7,1788.4,1494.35,1712.65,1661.05,1.0490784756883949,72
PREMEXPLN,EQ,23-08-2025,2721.39,NSE,9.55,537.45,506.45,524,375.2,432.45,616.40002,1.0487754436965755,71
TARIL,EQ,23-08-2025,15008.29,NSE,13.76,498.95,504.15,520.75,382.7,466.35,342.850005,1.04875996220889,71
WOCKPHARMA,EQ,23-08-2025,23559.45,NSE,5.09,1479.4,1713.7,1334.6,1410.25,1185.5,983.45001,1.0487160026907556,71
INDIACEM,EQ,23-08-2025,12178.96,NSE,14.72,376.5,370.2,327.05,276.3,356.75,364.60001,1.0484925922347974,71
RPOWER,BE,23-08-2025,20716.08,NSE,166.73,48.91,62.92,50.68,36.94,35.74,34.419998,1.0484137649504985,71
BDL,EQ,23-08-2025,55680.84,NSE,16.27,1517.6,1703.9,1909.4,1071.9,966.4,1309.15,1.0473689680396514,71
MCLOUD,EQ,23-08-2025,4967.36,NSE,56.9,83.75,84.81,78.63,57.57,77.9,77.9,1.0470286152754356,71
SAMBHV,EQ,23-08-2025,3589.1,NSE,41.6,129.56,139.7,110,110,110,110,1.0460770043854144,71
AVANTEL,EQ,23-08-2025,3774.49,NSE,11.97,148.99,144.74,128.5,103.28767224,140.14965408,173.9516828,1.0455499328632236,71
HEG,EQ,23-08-2025,9600.63,NSE,33.51,486.7,541.15,487.8,339.9,410.5,403.94,1.0450196540039491,70
EIEL,EQ,23-08-2025,4563.78,NSE,33.32,268.25,277.9,241.8,237.55,220,220,1.0447629364440039,70
JIOFIN,EQ,23-08-2025,205873.55,NSE,150.01,320.6,314.45,281.75,222.45,319.35,334.14999,1.0440791794058415,70
BLUESTARCO,EQ,23-08-2025,39165.5,NSE,4.97,1920,1749.2,1551.9,1949.1,1813.55,1707.55,1.0435121636420666,70
GODIGIT,EQ,23-08-2025,34346.65,NSE,14.36,368.1,359.45,326.6,303.1,315.85,355.75,1.0432338717601912,70
KARURVYSYA,EQ,23-08-2025,20821.88,NSE,14.03,258.2,271.3,229.62,218.91,216.88,220.72,1.0431338199113787,70
BAJAJCON,EQ,23-08-2025,3131.66,NSE,5.59,226.51,242.55,173.29,166.89,209.91,279.14999,1.04266420417618,70
INDRAMEDCO,EQ,23-08-2025,4293.5,NSE,2.14,459.5,471.95,436.45,381.15,415.25,349.79999,1.042641613265368,70
ARVINDFASN,EQ,23-08-2025,6888.3,NSE,6.47,521.4,502.7,448.95,386.75,563,487.5,1.0425429389747998,70
SBILIFE,EQ,23-08-2025,187730.38,NSE,8.84,1859,1809.5,1801.6,1476.2,1522.9,1761.3,1.0420756468153134,69
AARTIPHARM,EQ,23-08-2025,7765.57,NSE,4.09,863.25,946.9,878.95,791,635.15,633.34998,1.0418793070073398,69
AGARWALEYE,EQ,23-08-2025,14356.75,NSE,2.97,455.65,449.8,383.65,424.7,402,402,1.0416648807814801,69
PARAS,EQ,23-08-2025,5439.64,NSE,6.19,683.85,797.8,812.2,442,488.775,620.525,1.0413663695295832,69
SHREEPUSHK,EQ,23-08-2025,1104.01,NSE,2.7,334.1,367.15,297.69,320.25,273.75,249.73,1.0409732775384228,69
ARKADE,EQ,23-08-2025,3467.64,NSE,9.28,183.05,208.2,174.03,143.93,132.33,175,1.0406766002337695,69
MODEFENCE,EQ,23-08-2025,637.04,NSE,18.79,84.82,90.02,93.96,57.77,66.58,78.690002,1.0399401708469267,69
WAAREERTL,EQ,23-08-2025,10737.4,NSE,2.77,1065.9,1120,1015.1,884.95,884.95,884.95,1.0398728951675487,69
MON100,EQ,23-08-2025,10208.26,NSE,7.79,201.14,198.89,177.73,205.35,169.29,161.13,1.0397084936078305,69
HDFCLIFE,EQ,23-08-2025,171045.54,NSE,19.09,788.75,762.5,780,623.25,680.4,710.59998,1.0396617142732554,69
ASHOKLEY,EQ,23-08-2025,76907.65,NSE,153.22,131.2,124.6,119.945,111.805,110.67,130,1.0389996358348434,68
VISHNU,EQ,23-08-2025,3403.46,NSE,6.63,518.2,496.55,530.85,474.45,407.55,432.79999,1.0376562474176,68
COFORGE,EQ,23-08-2025,57698.2,NSE,20.92,1747.7,1849.7,1691.1,1536.79,1623.3,1223.05,1.036748367302772,68
UJJIVANSFB,EQ,23-08-2025,8454.86,NSE,67.33,43.71,47.02,44.41,32.08,33.59,43.389999,1.0364413128926133,68
LLOYDSENGG,EQ,23-08-2025,8155.26,NSE,38.82,68.89,78.37,53.66,56.07295572,60.91887588,72.80376213,1.036350812150273,68
MARICO,EQ,23-08-2025,95914.42,NSE,20.21,730.7,720.6,711.35,624.75,590.95,668.90002,1.0361899676586992,68
LTFOODS,EQ,23-08-2025,15570.82,NSE,6.54,433.6,487.7,421.2,376.6,340.55,340.35001,1.0360923330916605,68
BAJFINANCE,EQ,23-08-2025,556334.63,NSE,79.66,894.5,968.3,926.95,842.66,659.53,672.22002,1.0360324064390394,68
USHAMART,EQ,23-08-2025,11226.69,NSE,4.21,377,381.1,317.15,305.2,395.3,338.04999,1.0359991183418031,68
DATAPATTNS,EQ,23-08-2025,14559.19,NSE,2.85,2590.6,2777.8,2824.8,1518.5,2291.35,2859.55,1.035943156627742,67
IDBI,EQ,23-08-2025,105545.58,NSE,68.79,95,97.38,92.04,72.1,77.68,96.769997,1.0354789615216857,67
SDBL,EQ,23-08-2025,2719.65,NSE,10.71,140.06,160.79,153.8,110.16,105.58,108.81,1.035170464731276,67
MIDHANI,EQ,23-08-2025,7332.49,NSE,3.4,391.25,416,400.1,262.55,318.5,427.79999,1.0348603294423822,67
ACI,EQ,23-08-2025,8504.17,NSE,3.35,674,697.85,625.7,428.95,677.9,775.79999,1.0336246563176605,67
BORORENEW,EQ,23-08-2025,7424.23,NSE,3.91,566.85,625.05,538.6,476.6,439.65,512.65002,1.0333400542367734,67
NAVNETEDUL,EQ,23-08-2025,3470.11,NSE,5.27,157.1,153.01,142.69,131.05,138.63,158.75999,1.0328456673789452,67
CHOLAHLDNG,EQ,23-08-2025,35189.5,NSE,2.35,1862.6,2071.8,1829.9,1455.45,1549.85,1606.55,1.032319470233017,67
KFINTECH,EQ,23-08-2025,19440.52,NSE,11.88,1126.2,1261.7,1072.6,825.7,1013.95,1003.3,1.0321618739050955,67
MUKANDLTD,EQ,23-08-2025,1993.32,NSE,3.47,136.84,135.75,121.03,98.56,132.37,160.47,1.0318523304218394,66
ULTRACEMCO,EQ,23-08-2025,379193.16,NSE,2.58,12589,12372,11689,11490.1,10769.55,11349.7,1.0317830742400103,66
JAGSNPHARM,EQ,23-08-2025,1610.55,NSE,7.33,235.05,269.76,220.96,220.77,230.64,149.219996,1.030993759843464,66
BEML,EQ,23-08-2025,16803.56,NSE,2.92,4033.8,4285.7,4279.7,2691.6,3699.15,3768.8999,1.030926192145921,66
JINDALSTEL,EQ,23-08-2025,103176.81,NSE,16.84,997.25,977.4,954.8,837.65,865.4,949.65002,1.030498189820362,66
NORTHARC,EQ,23-08-2025,4019.1,NSE,13.69,252.1,266.02,213.43,171.11,237.85,350,1.030427114054009,66
EPACK,EQ,23-08-2025,3627.58,NSE,13.29,385.1,359.85,404.95,367.95,411.25,249.95,1.0303528766109793,66
INDHOTEL,EQ,23-08-2025,113305.21,NSE,25.98,788.85,754.4,774.8,721.65,754,616.15002,1.029836052157343,66
SHANTIGOLD,EQ,23-08-2025,1802.4,NSE,50.14,246.22,227.55,227.55,227.55,227.55,227.55,1.029672986087367,66
CANBK,EQ,23-08-2025,100720.51,NSE,204.2,109.93,107.8,107.48,85.09,97.81,111.36,1.0293942263221483,66
SAMHI,EQ,23-08-2025,4712.58,NSE,15.25,208.97,240.58,192.91,152.62,188.01,197.42,1.029087248089441,65
GRASIM,EQ,23-08-2025,195607.82,NSE,7.06,2813.8,2709.1,2656.4,2463.85,2508.15,2636.7,1.0290222831595452,65
PEL,EQ,23-08-2025,26385.28,NSE,7.25,1167.7,1307.2,1082.9,926.05,1060.2,1004.6,1.0289870473249738,65
SGLTL,BE,23-08-2025,3706.56,NSE,2.41,181.06,179.58,179.01,136.27,172,172,1.0284438425709155,65
MEDIASSIST,EQ,23-08-2025,3851.73,NSE,3.97,562.55,539.45,506.95,470.95,560.55,540.65002,1.0280975080690136,65
BALRAMCHIN,EQ,23-08-2025,11760.97,NSE,2.6,584.85,606.65,566.3,443.1,526.85,570.84998,1.0277368524969404,65
LOTUSDEV,EQ,23-08-2025,9371.77,NSE,180.41,191.81,178,178,178,178,178,1.0274655050870907,65
RAYMOND,EQ,23-08-2025,4194.15,NSE,4.92,621.15,712.5,627.4,454.51666667,494.13333333,616.73333333,1.0265201308984104,65
BALMLAWRIE,EQ,23-08-2025,3881.79,NSE,2.18,224.11,220.18,213.44,154.78,215.99,271.89999,1.0264651587714528,65
SRF,EQ,23-08-2025,86348.55,NSE,4.27,2917.5,3193,2891.4,2747.8,2199.5,2473.5,1.0264574010204666,64
HINDUNILVR,EQ,23-08-2025,620292.09,NSE,16.84,2629.9,2450.4,2394.1,2329.4,2410.35,2751.05,1.0261114852374196,64
CDSL,EQ,23-08-2025,32792.1,NSE,28.04,1574.4,1697.3,1468.9,1206.95,1506.35,1443.05005,1.0260342927825126,64
TRAVELFOOD,EQ,23-08-2025,16249.25,NSE,3.95,1220.6,1170.5,1125,1125,1125,1125,1.0259074899132625,64
HDFCBANK,EQ,23-08-2025,1527696.34,NSE,73.97,1964.6,2024.3,1940.2,1717.35,1742.25,1637.7,1.0253177682087775,64
NITCO,EQ,23-08-2025,2885.1,NSE,2.59,125.29,141.59,126.39,114.77,114.7,84.870003,1.0250404641483846,64
ICICIBANK,EQ,23-08-2025,1031361.19,NSE,77.48,1436.4,1488.6,1460.6,1251.15,1249.1,1179.45,1.0246650730495122,64
BLUESTONE,EQ,23-08-2025,8551.11,NSE,64.25,546.35,510,510,510,510,510,1.0243450248759283,64
JSFB,EQ,23-08-2025,5110.7,NSE,2.57,496.3,454.8,489.1,414.6,415.35,591.90002,1.0241386489111826,64
HINDALCO,EQ,23-08-2025,158890.15,NSE,50.26,704.2,695.4,661.45,610.85,640,672.90002,1.0240098391812396,63
CIPLA,EQ,23-08-2025,128747.92,NSE,17.55,1592.8,1473.5,1484.2,1474.65,1471.55,1562.85,1.023639846467856,63
IIFL,EQ,23-08-2025,19549.57,NSE,19.04,451.1,533.85,416.5,314.5,416.3,459.89999,1.0236083963328757,63
MAZDOCK,EQ,23-08-2025,111232.04,NSE,15.94,2700.3,2919.4,3550.2,2083.1,2037.775,2149.775,1.022996881093706,63
GMRP&UI,EQ,23-08-2025,8352.86,NSE,13.72,118.99,115.32,117.31,104.66,102.99,115.15,1.0225706193790474,63
MENONBE,EQ,23-08-2025,721.8,NSE,2,126.56,127.11,118.73,100.11,122.01,127.05,1.0225225995123368,63
PRESTIGE,EQ,23-08-2025,70510.54,NSE,6.93,1635.6,1753.8,1438.7,1240.4,1582.95,1771.15,1.0224599441041349,63
JSWSTEEL,EQ,23-08-2025,261492.39,NSE,17.95,1054.6,1033.8,1032.3,973.55,947.3,917.15002,1.022380298069803,63
APLAPOLLO,EQ,23-08-2025,45893.24,NSE,8.42,1649.5,1679.3,1838.3,1333.75,1466.8,1346.95,1.0221357299171836,63
RSYSTEMS,EQ,23-08-2025,5007.62,NSE,9.91,446.2,440.25,375.45,361.05,478.95,489.35001,1.0220173640308778,63
SINDHUTRAD,EQ,23-08-2025,3716.05,NSE,21.02,23.85,32.92,21.71,16.69,22.82,20.129999,1.0219627413905785,62
GRAPHITE,EQ,23-08-2025,10554.19,NSE,8.52,537.15,575.75,536.9,400.7,473.5,538.75,1.021749909011729,62
BRIGHOTEL,EQ,23-08-2025,3272.34,NSE,37.51,86.35,81.1,81.1,81.1,81.1,81.1,1.0211108704161886,62
WEBELSOLAR,EQ,23-08-2025,5550.13,NSE,2.51,1325.4,1424,1384.2,1137.25,1343.45,921.15002,1.0209942508709227,62
JSWINFRA,EQ,23-08-2025,64890.05,NSE,8.13,305.2,321.7,287.4,225.45,299.2,312.70001,1.0209832135993724,62
GOLDIAM,EQ,23-08-2025,4087.63,NSE,8.59,358.25,347.75,392.8,394.05,313.85,244.86,1.0206876670085985,62
OSWALAGRO,EQ,23-08-2025,1025.02,NSE,4.78,79.29,82.71,87.57,65.65,71,62.470001,1.0203539708422953,62
NIACL,EQ,23-08-2025,32655.12,NSE,104.94,196.13,185.3,184.38,153.18,176.46,258.79999,1.0201515702423758,62
PCJEWELLER,EQ,23-08-2025,9146.35,NSE,624.62,13.66,15.18,12.93,12.04,14.284,9.8610001,1.0201398142587847,62
GMRAIRPORT,EQ,23-08-2025,94027.68,NSE,87.99,89.55,91.38,86.51,70.26,80.53,95.550003,1.0197619536190492,61
CGCL,EQ,23-08-2025,18040.27,NSE,54.8,187.96,181.48,158.95,166.68,190.77,204.83,1.0197407830728737,61
VIPIND,EQ,23-08-2025,6021.64,NSE,4.05,430.05,460.05,357.7,338.25,460.1,455.75,1.0196939589147318,61
JAMNAAUTO,EQ,23-08-2025,4049.25,NSE,66.03,102.19,96.28,92.33,81.59,100.21,126.23,1.0193225145543021,61
PTC,EQ,23-08-2025,5661.16,NSE,14.81,187.76,190.32,185.96,142.04,169.09,206.87,1.0191907611692017,61
TITAN,EQ,23-08-2025,321050.11,NSE,6.95,3621,3471.4,3610.3,3233.2,3224.7,3474.8999,1.0189265228955429,61
APTUS,EQ,23-08-2025,17728.11,NSE,13.04,345.95,350.3,344.15,302.3,313.7,307.45001,1.0188910496407442,61
VIJAYA,EQ,23-08-2025,10487.19,NSE,3.67,1021.1,1017.75,935.8,906.85,1068.75,889.29999,1.0188122551575007,61
BAJAJFINSV,EQ,23-08-2025,316143.32,NSE,12.4,1965.9,2060.5,2052.6,1894.85,1596.35,1602.1,1.0183230473345368,61
ADANIPOWER,EQ,23-08-2025,229854.28,NSE,27.55,594.3,588.95,558.6,490.25,524.1,695.45001,1.0172923035587367,60
BIKAJI,EQ,23-08-2025,19521.17,NSE,2.5,770.15,788.65,729.9,580.95,739.35,857.40002,1.0172561927933779,60
WABAG,EQ,23-08-2025,10041.61,NSE,2.7,1591.6,1593,1568.2,1304.75,1696.4,1359,1.0172097707696395,60
MANKIND,EQ,23-08-2025,107359,NSE,5.83,2606.8,2599,2430.3,2345.9,2574.4,2358.1499,1.0169829527394298,60
UNIONBANK,EQ,23-08-2025,104236.88,NSE,103.31,134.76,143.38,140.41,109.01,116.02,125.56,1.0165465270556096,60
SCI,EQ,23-08-2025,10079.89,NSE,14.19,216.41,224.67,200.42,154.9,210.64,270.54999,1.0163078995442845,60
HARIOMPIPE,EQ,23-08-2025,1533.65,NSE,5.82,490.6,485.3,396.8,362.45,567.25,704.79999,1.016033259432409,60
HERITGFOOD,EQ,23-08-2025,4394.35,NSE,2.84,471.9,473.3,408.85,393.65,467.45,545.34998,1.0158334597687082,60
CHOLAFIN,EQ,23-08-2025,127695.42,NSE,17.37,1524.1,1556.1,1644.8,1356.95,1236,1387.85,1.0155975683115646,60
NAZARA,EQ,23-08-2025,11057.45,NSE,17.5,1157,1416.8,1274.4,926.95,927.65,936,1.0154268225463459,59
PSUBNKBEES,EQ,23-08-2025,3038.53,NSE,20.08,77.94,78.66,74.86,65.55,72.59,78.339996,1.015409888638956,59
MPHASIS,EQ,23-08-2025,54199.17,NSE,5.25,2848.6,2736.4,2546,2591.35,2789.25,3008.95,1.015340381114479,59
SAKSOFT,EQ,23-08-2025,2810.75,NSE,5.68,218.42,226.24,201.27,177.36,211.11,229.039992,1.0149508967851422,59
INDIQUBE,EQ,23-08-2025,4662.26,NSE,15.68,227.23,216,216,216,216,216,1.0148082721146559,59
CHAMBLFERT,EQ,23-08-2025,22360.31,NSE,31.16,561.55,558.9,586.8,542.8,463.5,505.35001,1.0139099899976964,59
FSL,EQ,23-08-2025,25813.06,NSE,13.91,368.15,348,388.85,344.75,339.9,321.10001,1.0136106647441847,59
INTELLECT,EQ,23-08-2025,13418.26,NSE,5.12,967.9,1192,1085.85,701.75,717,995.5,1.013474440385758,59
JAYBARMARU,BE,23-08-2025,904.43,NSE,3.4,84,74.57,78.01,67.24,90.82,107.05,1.0133249270189855,59
KPIGREEN,EQ,23-08-2025,10223.25,NSE,8.79,518.85,529.65,470.15,395.7,506.7994932,652.69934063,1.0131622563048663,59
MSUMI,EQ,23-08-2025,28277.41,NSE,76.5,41.76,41.57,39.33996066,32.81330052,40.97995902,47.97995269,1.01289490938462,58
TATASTEEL,EQ,23-08-2025,201346.81,NSE,225.06,158.55,162.77,162.51,134.29,139.46,153.92999,1.012586345574885,58
DHANI,EQ,23-08-2025,3662.07,NSE,30.46,65.23,64.25,60.11,63.67,69.05,55.209999,1.0123090522855351,58
BANKIETF,EQ,23-08-2025,3034.44,NSE,2.91,56.54,58.29,56.48,50.13,51.42,51.689999,1.0121602155573945,58
BANKBEES,EQ,23-08-2025,7548.02,NSE,3.37,570.05,588.27,569.8,506.15,519.15,521.65997,1.01161411188756,58
ELLEN,EQ,23-08-2025,7194.76,NSE,5.41,527.4,569.6,486,486,486,486,1.011532572195015,58
LOWVOLIETF,EQ,23-08-2025,3790.88,NSE,16.42,22.39,22.03,21.71,20.56,20.68,22.040001,1.011026947296454,58
KIRLOSENG,EQ,23-08-2025,13813.72,NSE,4.91,948.9,916,867.75,642.8,1120.3,1352,1.0109536967395678,58
BANKINDIA,EQ,23-08-2025,52765.42,NSE,64.08,115.46,113.23,117.31,99.03,104.57,119.25,1.010595607106224,58
PIDILITIND,EQ,23-08-2025,156568.34,NSE,3.61,3087.2,2918.9,3045.2,2781.7,3001.9,3066.45,1.0103964320964616,57
COCHINSHIP,EQ,23-08-2025,44928.94,NSE,7.5,1705.5,1870.7,1884.6,1216.35,1360.5,2074.3999,1.0099869236998331,57
MID150BEES,EQ,23-08-2025,2445.03,NSE,5.19,221.34,225.42,216.07,189.65,208.49,220.98,1.0097906917664619,57
HONASA,EQ,23-08-2025,9755.51,NSE,16.58,300.05,274.25,315.69,223.26,264.1,465.64999,1.009768873560336,57
SPORTKING,EQ,23-08-2025,1423.21,NSE,2.84,110.74,129.09,117.12,76.87,92.42,129.115,1.0095181857343387,57
BANDHANBNK,EQ,23-08-2025,28396.59,NSE,49.39,173.23,181.43,165.62,132.82,167.61,196.91,1.0095015112111072,57
NIVABUPA,EQ,23-08-2025,15755,NSE,27.52,85.47,86.78,91.27,76.94,73.99,78.14,1.0093549474051513,57
MIDCAPIETF,EQ,23-08-2025,504.65,NSE,6.87,22.09,22.58,21.54,18.9,20.85,22.1,1.009291297665007,57
ASIANTILES,BE,23-08-2025,1477.51,NSE,2.43,62.05,58.96,53.1,50.07,66.72,88.019997,1.009177487375551,57
360ONE,EQ,23-08-2025,43610.01,NSE,7.01,1077.6,1125,1016.75,896.4,1065.5,1098.75,1.0083359247463164,56
JUBLINGREA,EQ,23-08-2025,11356.75,NSE,3.13,717.05,801.85,683.35,645.2,663.35,635.40002,1.0082948223099264,56
KEI,EQ,23-08-2025,37762.39,NSE,2.29,3954.8,3970.3,3496.4,3447.25,3842.25,4709,1.0082197429303443,56
MIDCAPETF,EQ,23-08-2025,1136.1,NSE,20.69,21.77,22.28,21.35,18.68,20.55,21.790001,1.0080845699057261,56
IKIO,EQ,23-08-2025,1763.93,NSE,4.15,228.61,209.58,220.02,174.55,251.85,291.04999,1.0080531064641451,56
BFUTILITIE,EQ,23-08-2025,3081.21,NSE,2.23,817.9,801.2,750.8,699.55,940,800.04999,1.0077781930358942,56
AEGISVOPAK,EQ,23-08-2025,27827.21,NSE,6.81,253.58,278.27,235,235,235,235,1.0074520844345858,56
CHEMCON,EQ,23-08-2025,831.52,NSE,2.08,226.88,217.85,196.59,207.66,231.65,273.25,1.0069103813581277,56
GSFC,EQ,23-08-2025,8417.44,NSE,22.66,210.18,204.57,203.32,192.97,193.84,227.50999,1.0060218437990576,56
RELIANCE,EQ,23-08-2025,1927430.08,NSE,96.87,1409.2,1424.6,1434.8,1224.9,1241.65,1495.94995,1.005952487230761,56
INDOAMIN,EQ,23-08-2025,1152.69,NSE,2.81,156.39,158.9,142.96,123.89,171.79,174.96001,1.0058297189963175,55
MOM100,EQ,23-08-2025,677.74,NSE,3.3,61.98,63.76,61.2,53.49,58.45,62.290001,1.005814818568576,55
RCF,EQ,23-08-2025,8672.54,NSE,24.32,158.9,154.04,153.82,132.86,152.63,190.27,1.005367740485378,55
AXISBPSETF,EQ,23-08-2025,1101.12,NSE,7.9,12.85,12.81,12.65,12.39,12.15,11.94,1.0052902518932558,55
GODREJCP,EQ,23-08-2025,127679.69,NSE,13.15,1257.2,1232.5,1284.5,1039.25,1185.3,1394,1.0050666730437927,55
BRITANNIA,EQ,23-08-2025,134970.55,NSE,3.88,5545.5,5719.5,5525,4963.7,4892.7,5765.7998,1.0046507895039418,55
AZAD,EQ,23-08-2025,10411.22,NSE,2.19,1604,1585.2,1804.5,1235.25,1576.25,1601.55,1.004298237962879,55
IDFCFIRSTB,EQ,23-08-2025,51422.36,NSE,158.24,69.68,72.7,66.62,61.5,64.62,73.349998,1.0042158687231495,55
LT,EQ,23-08-2025,497866.5,NSE,18.41,3595.8,3484.9,3648.7,3221.85,3505.9,3572.7,1.0039823270517756,55
BSLNIFTY,EQ,23-08-2025,3057.42,NSE,2.68,28.9,29.16,28.75,26.45,27.07,28.34,1.0039721302061881,54
ITI,EQ,23-08-2025,28475.88,NSE,10.38,295.9,313.8,281.15,257.05,292.18,291.79999,1.0037547170531382,54
NIFTYIETF,EQ,23-08-2025,31971.59,NSE,5.24,279.42,282.08,278.32,255.82,261.79,274.14001,1.0036602888119845,54
BOMDYEING,EQ,23-08-2025,3593.71,NSE,20.52,178.18,188.19,150.94,140.04,206.71,215.61,1.0035803966605956,54
SETFNIF50,EQ,23-08-2025,72171.25,NSE,4.74,265.44,268.2,264.52,243.14,248.48,260.53,1.0034969803682259,54
GREAVESCOT,EQ,23-08-2025,5038.76,NSE,56.1,208.57,203.54,210.33,268.25,174.54,174.02,1.0034645094062868,54
SBIN,EQ,23-08-2025,760649.04,NSE,82.13,816.25,820.65,794.4,727.7,803,820.29999,1.0034272242633835,54
NIFTYBEES,EQ,23-08-2025,50447.99,NSE,38.84,280.75,283.53,279.89,257.11,263.07,275.82999,1.0033610954020251,54
MEDPLUS,EQ,23-08-2025,9879.43,NSE,2.59,821.25,884.4,977.2,725.95,738.8,639.25,1.002677322632764,54
IGL,EQ,23-08-2025,28980.03,NSE,25.79,207.21,210.39,206.41,190.25,160.225,274.225005,1.0026724394557551,53
LIQUID1,EQ,23-08-2025,1446.69,NSE,5.24,1065.29,1060.49,1051.82,1035.57,1019.71,1003.87,1.0021303146148575,53
LAXMIINDIA,EQ,23-08-2025,748.53,NSE,77.23,141.13,137.52,137.52,137.52,137.52,137.52,1.0020785954253792,53
RELINFRA,BE,23-08-2025,12375.4,NSE,21.25,290.15,378.75,293.55,244.35,257.5,238.44,1.0020255118230021,53
LIQUIDCASE,EQ,23-08-2025,5344.36,NSE,91.33,110.1,109.61,108.72,107.07,105.47,103.86,1.0019237718886393,53
LIQUIDADD,EQ,23-08-2025,2180.32,NSE,5.24,1087.49,1082.68,1074.05,1057.8,1041.91,1026.16,1.001841589065761,53
BIOCON,EQ,23-08-2025,47836.56,NSE,35.85,359.5,396.95,332.35,347.55,327.05,346.75,1.0018224688594537,53
CESC,EQ,23-08-2025,21792.38,NSE,32.67,166.81,178.14,169.26,125.92,169.98,176.89,1.0017060066989456,53
SAPPHIRE,EQ,23-08-2025,10595.99,NSE,2.81,327,344.2,323.3,298,306.3,314.65,1.0015157954931404,53
PHARMABEES,EQ,23-08-2025,941.49,NSE,51.76,22.84,22.9,21.98,21.51,22.24,22.790001,1.0014587917345243,53
ASIANPAINT,EQ,23-08-2025,246417.91,NSE,10.66,2504.5,2375.4,2327.2,2250.85,2483.7,3103.2,1.0014010192302727,52
AARTIDRUGS,EQ,23-08-2025,4292.43,NSE,2.09,483.05,534.6,467.25,386.75,459.85,527.59998,1.001007388770848,52
LTGILTBEES,EQ,23-08-2025,2915.49,NSE,34.08,28.6,28.94,28.94,27.56,26.93,26.49,1.0007328992783666,52
LIQUIDBETF,EQ,23-08-2025,924.27,NSE,3.18,1044.82,1040.16,1031.96,1016.42,1001.22,999.98999,1.0007036061872614,52
VASCONEQ,EQ,23-08-2025,1201.13,NSE,9.67,52.09,55.49,48.79,37.73,53.3,71.559998,1.0006743384586867,52
RADHIKAJWE,EQ,23-08-2025,1178.23,NSE,14.97,99.46,103.08,86.54,98.74,104.52,98.220001,1.0005905926298457,52
BPCL,EQ,23-08-2025,138916.62,NSE,58.36,316.45,344.45,322.95,252.3,287.5,349.39999,1.0002818950534484,52
TATACONSUM,EQ,23-08-2025,107618.04,NSE,8.21,1084.1,1062.6,1146.3,1023.25,917.15,1171.2,1.0002731379651222,52
BLKASHYAP,EQ,23-08-2025,1638.95,NSE,8.19,72.55,70.31,73.21,52.69,70.89,112.8,1.0000981549915136,52
HDFCSML250,EQ,23-08-2025,1354.47,NSE,9.12,171.38,179.59,167.11,145.64,169.28,178.44,1.0000379240160309,51
ZYDUSLIFE,EQ,23-08-2025,99254.92,NSE,8.49,988.8,961.95,912.85,923.9,947.6,1192.65,0.9999970102584099,51
IGCL,EQ,23-08-2025,689.46,NSE,6.73,115.03,117.61,111,111,111,111,0.9998505446474666,51
DRREDDY,EQ,23-08-2025,106648.52,NSE,14.83,1277.6,1247.4,1240.9,1198.95,1213.45,1393.07,0.9998500176315682,51
PVTBANIETF,EQ,23-08-2025,3246.94,NSE,8.37,26.91,28.13,27.67,24.63,24.89,25.540001,0.9993529211490608,51
MAHABANK,EQ,23-08-2025,42464.98,NSE,59.48,54.8,56.5,51.07,48.7,52.43,63.150002,0.9993502388641857,51
HAL,EQ,23-08-2025,299524.26,NSE,12.86,4473,4715.8,5003.2,3475.7,4057.15,4736.0498,0.9992122376436006,51
JBCHEPHARM,EQ,23-08-2025,26907.85,NSE,2.23,1747.9,1689.1,1702,1640.75,1667.05,1942.65,0.999147167146953,51
ICICIGI,EQ,23-08-2025,97594.21,NSE,4.06,1910.7,1936.8,1843.3,1725.05,1840.9,2064.05,0.9990351604136984,51
DEEDEV,EQ,23-08-2025,1925.23,NSE,8.6,272.8,300.3,255.18,200.65,280.25,348.5,0.9990173273568409,50
MADRASFERT,EQ,23-08-2025,1513.39,NSE,4.04,93.85,89.69,98.54,76.9,91.41,110.96,0.9988937910206831,50
ZEEL,EQ,23-08-2025,11262.09,NSE,106.91,123.58,128.62,127.56,96.75,122.54,135.3,0.9987029677296854,50
DIVISLAB,EQ,23-08-2025,160077.55,NSE,4.36,6151.5,6653,6737,5923.75,5900.85,4723.1499,0.9984690100242494,50
CANFINHOME,EQ,23-08-2025,10384.02,NSE,2.51,769.75,787.4,755.65,608.85,832.65,847.65002,0.9981480519239682,50
HEXT,EQ,23-08-2025,49014.09,NSE,8.14,799.4,861.05,799.25,745.5,745.5,745.5,0.9981453396461031,50
BANKBARODA,EQ,23-08-2025,125767.53,NSE,58.65,240.23,243.07,241.52,206.96,237.2,254.35001,0.997891552587184,50
THOMASCOOK,EQ,23-08-2025,8175.21,NSE,18.36,172.13,184.66,158.81,125.34,200.62,211.14999,0.9973858720273624,50
RAIN,EQ,23-08-2025,5058.64,NSE,30.71,148.7,155.51,144.25,127.06,149.2,158.55,0.997337489422713,50
HEIDELBERG,EQ,23-08-2025,4883.51,NSE,2.14,214.19,217.58,202.81,199.45,212.02,226.72,0.9972895249635362,50
CASHIETF,EQ,23-08-2025,692.68,NSE,2.48,1024.89,1020.29,1012.05,1001.47,1001.47,1001.47,0.9970050232307145,49
AMBUJACEM,EQ,23-08-2025,144917.87,NSE,22.22,577.15,620.4,567.15,488.3,549.55,626.45001,0.9969135425231855,49
PHOENIXLTD,EQ,23-08-2025,56315.06,NSE,8.22,1578,1453.7,1596.9,1545.05,1481.35,1790.1,0.9969076130557069,49
PNB,EQ,23-08-2025,123123.9,NSE,150.53,105.29,109.92,100.96,93.18,100.86,117.35,0.9966165792908184,49
KPRMILL,EQ,23-08-2025,34943.65,NSE,3.91,1027.1,1239.9,1151.95,834.65,932.1,873.45001,0.9963026594459149,49
NEXT50IETF,EQ,23-08-2025,1667.1,NSE,4.97,70.95,71.5,70.36,62.09,70.6,76.93,0.9961944541998516,49
STOVEKRAFT,EQ,23-08-2025,2158.07,NSE,2.88,666.95,603.1,573.3,716.95,763.55,764.15002,0.9959611893591914,49
MUNJALAU,EQ,23-08-2025,854.8,NSE,2.36,86.24,77.45,85.4,72.93,102,101.05,0.9958948694820452,49
PIIND,EQ,23-08-2025,58790.77,NSE,2.37,3865.1,4074.4,3683.6,3118.6,4148.8,4327.25,0.9957128164791087,49
KIRIINDUS,EQ,23-08-2025,2923.3,NSE,2.28,540.2,569.45,677.95,527.35,529.95,370.14999,0.9954870956206903,48
ZAGGLE,EQ,23-08-2025,5272.77,NSE,7.84,402.75,410.35,423.8,345.15,441.05,364.25,0.9954339276005545,48
ALLTIME,EQ,23-08-2025,1984.89,NSE,57.85,315.25,311.3,311.3,311.3,311.3,311.3,0.995371531882764,48
PNBGILTS,EQ,23-08-2025,1897.31,NSE,12.03,104.56,106.98,98.11,86.87,113.8,120.54,0.9951903173070864,48
TIRUMALCHM,EQ,23-08-2025,2928.3,NSE,3.34,282.65,302.15,250.25,230.89,323.1,329.5,0.9951434060928737,48
HINDPETRO,EQ,23-08-2025,83719.18,NSE,53.68,390.75,434.5,414.6,318.1,362.15,396.5,0.9950599989875345,48
JUNIORBEES,EQ,23-08-2025,6593.64,NSE,2.58,725.22,732.46,720.84,635.65,723.57,788.89001,0.995030998931448,48
KOTAKBANK,EQ,23-08-2025,401482.68,NSE,38.89,1986.6,2170.4,2089.3,1945.3,1727.75,1805.65,0.9947864583965509,48
DEVYANI,EQ,23-08-2025,21484.99,NSE,37.35,171.27,174.81,175.54,160.38,162.58,169.82001,0.9947210686889437,48
DBL,EQ,23-08-2025,7870.45,NSE,2.41,469,478.65,480.2,415.2,435.3,521.20001,0.9942049295658008,47
MANALIPETC,EQ,23-08-2025,1169.42,NSE,5.42,67.19,76.18,56.23,61.58,61.62,93.190002,0.9936152111245213,47
ADANIPORTS,EQ,23-08-2025,293778.9,NSE,20.45,1341.2,1420.8,1400.2,1082.9,1289.65,1492.55,0.9935404785949529,47
EMAMILTD,EQ,23-08-2025,26936.42,NSE,6.77,611.95,580.15,589.85,523.65,643.15,799.5,0.9934989484906596,47
VRLLOG,EQ,23-08-2025,4903.48,NSE,3.11,278.6,312.425,289.325,232.65,272.875,267.32501,0.9931655292885478,47
SBICARD,EQ,23-08-2025,78510.55,NSE,8.3,821,895.55,906.5,853.1,684.55,710.70001,0.9926504281643089,47
SIEMENS,EQ,23-08-2025,114129.5,NSE,4.16,3173.2,3143.1,3248.7,2523.59388476,3451.30403561,3678.97943214,0.992512825423805,47
JUBLPHARMA,EQ,23-08-2025,16971.41,NSE,3.44,1083,1196.5,1121.45,995.45,1130.5,896.79999,0.9925067082348421,47
PVRINOX,EQ,23-08-2025,11047.99,NSE,5.18,1131.2,1019.85,988.95,1006.55,1475.5,1505,0.9924771828351074,47
SHAKTIPUMP,EQ,23-08-2025,10535.1,NSE,7.1,847.2,917.65,888.65,828.8,816.3467346,722.43876023,0.9918407570427492,47
DCW,EQ,23-08-2025,2339.1,NSE,13.69,79.6,73.92,76.84,75.6,96.92,80.339996,0.9914672489461277,46
VEDL,EQ,23-08-2025,174833.45,NSE,63.57,444.25,455.65,445.55,415.15,443.55,446.64999,0.9914467350068776,46
GENUSPOWER,EQ,23-08-2025,10990.04,NSE,9.64,358.75,374,365.15,262.7,416.85,416.95001,0.9911140725060309,46
THELEELA,EQ,23-08-2025,14209.91,NSE,2.41,420.65,465.4,406,406,406,406,0.990592031220605,46
PRSMJOHNSN,EQ,23-08-2025,7500.01,NSE,2.2,149.42,161.07,141.45,118.7,182.44,156.39,0.9905483698826062,46
MASTERTR,EQ,23-08-2025,1692.41,NSE,12.1,151.33,152.96,158.06,114.53,166.03,181,0.9905000896587276,46
KROSS,EQ,23-08-2025,1101.89,NSE,10.5,189.11,188.41,175.24,164.65,203.28,240,0.990435881238992,46
NBCC,EQ,23-08-2025,28174.5,NSE,59.23,103.59,114.39,114.27,82.02,89.82,122.60654406,0.9903903143089875,46
PENINLAND,EQ,23-08-2025,1204.96,NSE,21.33,36.9,40.4,29.11,27.94,49.27,58.240002,0.9903151845993484,46
CGPOWER,EQ,23-08-2025,106553.41,NSE,22.69,679.85,682.95,697.75,583,718.3,735.54999,0.9894904557795764,45
DOMS,EQ,23-08-2025,15202.24,NSE,2.91,2473.9,2361.6,2493.7,2569.9,2727.45,2274.1499,0.9892312410616023,45
LIQUIDBEES,EQ,23-08-2025,11620.9,NSE,32.05,1000,999.99,1000,1000,1000,999.98999,0.9890983252159171,45
LIQUIDIETF,EQ,23-08-2025,2015,NSE,6.74,999.99,999.99,999.99,999.99,999.99,999.98999,0.9890963470034352,45
SHRIRAMFIN,EQ,23-08-2025,116616.82,NSE,55.53,615.85,654.05,664.5,550.35,564.95,631.97002,0.9890290065306436,45
FILATEX,EQ,23-08-2025,2377.73,NSE,24.68,53.17,58.38,49.46,42.17,64.34,57.919998,0.9888032560338965,45
PNCINFRA,EQ,23-08-2025,8025.83,NSE,3.97,309.1,316.35,292.8,257.8,299.8,460.75,0.9886361545227829,45
J&KBANK,EQ,23-08-2025,11452.3,NSE,19.06,102.82,111.9,100.49,96.64,95.86,110.85,0.9883751168475537,45
LICI,EQ,23-08-2025,565328.29,NSE,11.13,889.1,922,870.05,765.15,896.65,1067.95,0.9882595297557324,45
MSPL,EQ,23-08-2025,1808.65,NSE,10.26,31.75,33.72,26.87,27.08,41.52,37.209999,0.988002485286505,44
MUTHOOTMF,EQ,23-08-2025,2670.76,NSE,2.75,159.32,175.28,129.03,137.5,184.36,221.88,0.9879259426428456,44
JSWCEMENT,EQ,23-08-2025,20954.92,NSE,376.57,153.12,153.5,153.5,153.5,153.5,153.5,0.987872057624539,44
FMCGIETF,EQ,23-08-2025,642.31,NSE,8.63,59.57,59.45,60.14,56.03,59.09,65.279999,0.9878564592711484,44
SEQUENT,EQ,23-08-2025,4390.88,NSE,5.51,175.85,187.37,183.75,150.77,194.98,163.55,0.9876635677907076,44
M&MFIN,EQ,23-08-2025,36229.6,NSE,22.46,263,259.2,256.5,269.3634223,252.7744884,295.43868697,0.9873534374225345,44
PFS,EQ,23-08-2025,2578.13,NSE,5.56,40.07,41.01,36.79,34.52,40.68,57.709999,0.9872270242999086,44
VBL,EQ,23-08-2025,174509.2,NSE,71.93,516.6,487.75,482.7,474.55,630.35,596.64,0.9871919444103217,44
SAIL,EQ,23-08-2025,50846.77,NSE,109.86,121.93,134.79,127.79,105.33,111.45,133.14999,0.9871576622060112,44
ZENSARTECH,EQ,23-08-2025,18405.02,NSE,3.6,792.5,816.1,839.2,818.95,702.6,790.75,0.9870836212080574,44
EUREKAFORB,EQ,23-08-2025,10598.52,NSE,2.01,550.7,560.3,629.3,485.5,576.3,499.45,0.9869258517470133,43
MOL,EQ,23-08-2025,2171.84,NSE,14.23,86.53,98.59,80.11,73.92,93.52,93.18,0.9868816606533721,43
PRICOLLTD,EQ,23-08-2025,5412.76,NSE,4.92,448.1,433.65,447.55,425,455.25,517.79999,0.9867273432688383,43
STEELXIND,EQ,23-08-2025,1173.68,NSE,67.26,9.7,10.44,8.37,8.61,10.26,13.16,0.986707692047811,43
RTNPOWER,EQ,23-08-2025,6675.04,NSE,384.7,12.24,14.43,11.06,9.61,12.97,15.51,0.9866974489383301,43
DABUR,EQ,23-08-2025,91690.91,NSE,28.36,515.95,513.85,480.3,520.55,508.2,623.09998,0.9865769646501442,43
ALPHA,EQ,23-08-2025,714.48,NSE,11.24,49.19,50.73,48.28,42.86,51.55,56.919998,0.9864190330699695,43
LXCHEM,EQ,23-08-2025,5936.23,NSE,22.89,213,203,194.95,193.17,251.8,272.54999,0.9859744284248275,43
RELIGARE,EQ,23-08-2025,8266.34,NSE,11.88,251,289.81,237.53,236.69,251.87,246.8,0.9857466806074695,43
REDINGTON,EQ,23-08-2025,18954.12,NSE,25,243.3,311.15,266.76,242.91,193.88,208.75,0.9857399679179242,42
APOLLOTYRE,EQ,23-08-2025,29487.74,NSE,5.61,465.75,457.95,495.15,416.3,486.25,499.04999,0.985542773612231,42
BERGEPAINT,EQ,23-08-2025,61874.04,NSE,5.32,527,576.2,547.9,483.7,476.25,568,0.9854383537880537,42
CPSEETF,EQ,23-08-2025,32994.33,NSE,6.79,89.57,93.47,92.76,77.46,88.43,102.7,0.9848479195729541,42
TOP10ADD,EQ,23-08-2025,728.11,NSE,3.81,95,97.84,98.45,91.17,91.9,99.04,0.9847040307444691,42
ALPL30IETF,EQ,23-08-2025,1804.47,NSE,5.78,27.42,27.52,27.52,25.81,27.91,30.540001,0.9844984854629344,42
CHENNPETRO,EQ,23-08-2025,9860.91,NSE,13.86,659.2,777.75,686.85,484.05,578.9,977.59998,0.9844336766973968,42
20MICRONS,EQ,23-08-2025,822.14,NSE,2.39,234.36,278.03,236.76,170.61,223.8,323.75,0.984363502102421,42
AVTNPL,EQ,23-08-2025,1104.06,NSE,2.54,73.21,75.32,67.27,65.61,79.41,93.269997,0.9838633477742752,42
SARVESHWAR,EQ,23-08-2025,767.48,NSE,52.9,7.78,8.18,7.15,6.94,9.01,8.84,0.9837097482926569,41
MINDACORP,EQ,23-08-2025,11953.97,NSE,2.7,507.85,516.2,523.35,517.55,484.35,524.15002,0.9837047750099294,41
ROTO,EQ,23-08-2025,1620.63,NSE,2.66,84.14,89.95,89.64657702,72.38326095,80.7999192,94.90824009,0.9827340155980687,41
LUPIN,EQ,23-08-2025,89874.17,NSE,11.02,1974.7,1920.5,1987.3,2026.95,2038.2,2095.25,0.9826063665458981,41
PATANJALI,EQ,23-08-2025,65106.13,NSE,6.25,1801.2,1935.1,1739.9,1781.9,1852.6,1821.9,0.9825905528394986,41
AFCONS,EQ,23-08-2025,15711.76,NSE,9.15,430.95,424.55,433.05,431,480.1,426,0.9823524316023197,41
IOC,EQ,23-08-2025,200083.83,NSE,89.14,139.95,152.35,143.58,118.45,133.12,172.23,0.9821534972932559,41
AEROFLEX,EQ,23-08-2025,2379.49,NSE,11.06,181.01,215.92,168.58,193.18,180.64,161.07001,0.9821314428712353,41
RHIM,EQ,23-08-2025,10299.26,NSE,6.17,486.35,524,467.3,399.45,516.55,630.45001,0.9820655815803816,41
TATACHEM,EQ,23-08-2025,23968.74,NSE,10.42,938.05,972.1,881.85,854.5,1068.25,1059.65,0.9820460554318096,41
GPTHEALTH,EQ,23-08-2025,1308.61,NSE,4.22,157.67,166.21,153.1,139.65,161.62,193.86,0.9816383255617818,40
NLCINDIA,EQ,23-08-2025,32836.94,NSE,11.07,234.7,244.59,240.25,208.2,237,271.45001,0.9813736519464757,40
SURYAROSNI,EQ,23-08-2025,6487.73,NSE,5.39,296.3,342.3,320.05,231,282.65,345.725005,0.9813462045605836,40
SHRIRAMPPS,EQ,23-08-2025,1550.38,NSE,7.79,89.65,100.19,84.59,73.6,98.88,108.62,0.9813242894897982,40
ICICIB22,EQ,23-08-2025,15978.31,NSE,2.57,106.58,109.45,110.36,96.66,109.58,117.41,0.9812895667295319,40
EXIDEIND,EQ,23-08-2025,33957.5,NSE,35.87,396.05,391.75,386.8,361.8,421.5,497.25,0.9812799031813871,40
PURVA,EQ,23-08-2025,6896.31,NSE,4.27,288.45,285.25,264.54,234.85,327.65,484.20001,0.9810661353287828,40
NMDC,EQ,23-08-2025,62668.08,NSE,166.35,70.16,72.98,73.24,62.56,73.739926,74.859925,0.9807744310632934,40
HSCL,EQ,23-08-2025,23586.25,NSE,10.37,469.45,514.85,477.25,417.4,493.45,483.85001,0.9805484422922883,40
TANLA,EQ,23-08-2025,8440.51,NSE,12.65,624.75,678.6,571.35,495.95,695.65,924.84998,0.9804252411208728,39
TATAPOWER,EQ,23-08-2025,123803.43,NSE,47.45,385.6,402.5,402.6,337.2,408.1,422.29999,0.9798884637243835,39
NATIONALUM,EQ,23-08-2025,35079.67,NSE,54.74,188.87,198.09,183.54,180.74,240.31,172.06,0.9795468691300282,39
NESTLEIND,EQ,23-08-2025,227136.14,NSE,14.16,1162.9,1226.25,1227,1108.25,1107.075,1259.25,0.9792060340396427,39
TIINDIA,EQ,23-08-2025,59974.67,NSE,3.55,3072.1,2952.2,3057.1,2603.6,3611.3,4113.5498,0.9785944864016669,39
PSPPROJECT,EQ,23-08-2025,2640.14,NSE,3.58,671.2,826.55,638.85,618.1,672,681.04999,0.9783785911487498,39
SMALLCAP,EQ,23-08-2025,692.26,NSE,21.19,45.4,48.08,45.31,40.47,48.17,52.52,0.977959766074314,39
DHANBANK,EQ,23-08-2025,1073.58,NSE,4.55,27.1,28.93,29.79,23.18,25.58588233,32.53583435,0.9774749811081528,39
MAHLOG,EQ,23-08-2025,3224.86,NSE,2.18,327.2,358.1,294.2397906,278.3571402,367.2634706,452.83810473,0.9774409798044199,39
DLF,EQ,23-08-2025,191589.38,NSE,24.97,762.55,841.95,777.8,674.75,763.15,867.34998,0.9772429035659235,38
MOM30IETF,EQ,23-08-2025,581.25,NSE,8.37,31.24,31.78,31.11,28.73,33.8,36.869999,0.977190784946022,38
RBA,EQ,23-08-2025,4689.56,NSE,7.26,80.17,84.4,82.13,68.99,78.82,106.42,0.9771585082374948,38
IDEAFORGE,EQ,23-08-2025,2004.69,NSE,5.33,499.05,500.9,512.55,383.5,586.85,700.90002,0.977148016455619,38
EPL,EQ,23-08-2025,7617.85,NSE,7.53,237.66,232.43,239.18,245.13,260.3,250.69,0.9770720615710001,38
NAVKARCORP,EQ,23-08-2025,1845.37,NSE,9.77,120.91,131.66,109.03,112.49,136.17,145.03,0.9769149558815938,38
GICRE,EQ,23-08-2025,67193.52,NSE,11.2,380.8,380.6,431.5,361.5,371.3,406.95001,0.9767023966952308,38
GPPL,EQ,23-08-2025,7582.27,NSE,10.59,156.06,161.31,147.92,130.27,173.45,230.52,0.9763713999623591,38
ANANTRAJ,EQ,23-08-2025,19047.53,NSE,19.43,547.1,562.75,522.25,519.05,653.45,593.54999,0.976327186570044,38
FEDERALBNK,EQ,23-08-2025,49062.52,NSE,82.31,196.34,212.81,201.9,181.54,206.65,203.7,0.9761803829808069,38
SHK,EQ,23-08-2025,3144.92,NSE,4.51,225,264,237.09,173.06,272.2,223.67,0.9759357812693057,37
PERSISTENT,EQ,23-08-2025,83470.68,NSE,4.43,5369,5605.5,5691,5531.3,5710.3,4935.1499,0.9756937138433371,37
UNIECOM,EQ,23-08-2025,1476.04,NSE,5.92,140.84,125.32,139.77,117.88,174.93,238.41,0.974986156474998,37
EBGNG,EQ,23-08-2025,3830.79,NSE,33.98,344.85,355,355,355,355,355,0.9749564477904007,37
NTPC,EQ,23-08-2025,328232.15,NSE,89.04,337,343.05,343.5,302.35,366.7,406.25,0.9748398901489816,37
OSWALGREEN,EQ,23-08-2025,1100.43,NSE,3.85,42.6,44.94,41.45,38.68,49.1,48.169998,0.9748247511173369,37
GODREJAGRO,EQ,23-08-2025,14493.88,NSE,2.9,746.05,848.6,748.6,705.2,725.6,817,0.9747445038631182,37
MOTISONS,EQ,23-08-2025,2015.19,NSE,20.45,20.06,22.55,17.04,20.04,29.5,18.82,0.9746357299893895,37
VOLTAS,EQ,23-08-2025,45179,NSE,10.96,1353.2,1367.6,1253.8,1241.6,1686.75,1659.15,0.9745819036152291,37
EKC,EQ,23-08-2025,1604.57,NSE,24.23,144.39,138.06,131.56,129.1,201.92,190.67999,0.974405595438368,36
LODHA,EQ,23-08-2025,129038.31,NSE,16.48,1261,1334,1439.1,1167.8,1260.15,1259.25,0.9740980828257861,36
INDGN,EQ,23-08-2025,13763.19,NSE,7.05,572.5,558.95,609.15,576.2,635.4,584.09998,0.9740584258791749,36
OMAXE,EQ,23-08-2025,1681.59,NSE,2.16,90.24,99.07,80.35,78.91,103.79,124.64,0.9739484756607623,36
PREMIERENE,EQ,23-08-2025,46249.45,NSE,9.1,1008.6,1089.9,1043.7,969.05,1093.8,990,0.9739003749489625,36
KEC,EQ,23-08-2025,21724.58,NSE,9.53,824.75,857.8,861.45,729.8,994.95,843.34998,0.9738845237350683,36
EFCIL,EQ,23-08-2025,3344.99,NSE,2.13,336.95,347.7,347.7,347.7,347.7,347.7,0.9738061740983723,36
ENGINERSIN,EQ,23-08-2025,10973.32,NSE,20.32,191.51,240.6,200.08,156.37,181.3,219.2,0.9735266082733061,36
STARHEALTH,EQ,23-08-2025,25940.11,NSE,10.18,444.55,442.45,463.65,394.05,462.1,597.04999,0.9734466433438457,36
NFL,EQ,23-08-2025,4756.16,NSE,19.96,98.19,97.69,99.03,86.22,107.95,133.35001,0.9733114521072275,35
SAREGAMA,EQ,23-08-2025,9294.38,NSE,4.21,489.3,494.65,554.9,477.25,469.8,529.45001,0.9732947664400757,35
MGL,EQ,23-08-2025,13137.44,NSE,3.17,1327.1,1483.4,1341.4,1277.4,1126.05,1836.7,0.9729885542849024,35
PARKHOTELS,EQ,23-08-2025,3271.03,NSE,7.3,153.3,155.97,159.68,162.82,141.1,181.77,0.9728438029015727,35
ICICIPRULI,EQ,23-08-2025,90996.36,NSE,7.95,626.05,628.9,650,575.2,685.2,742.5,0.9725260553532763,35
CIFL,EQ,23-08-2025,1388.48,NSE,2.25,35.28,37.92,36.8,35.79,35.79,35.79,0.9718583526519566,35
ELECON,EQ,23-08-2025,12666.25,NSE,2.89,556.15,594.8,673.3,445.85,573.1,610.40002,0.9718084688265459,35
SJVN,EQ,23-08-2025,38315.5,NSE,71.42,99.54,98.78,101.97,88.62,105.83,138.50999,0.9717505520029789,35
TBZ,EQ,23-08-2025,1276.56,NSE,6.15,190.56,197.88,195.26,185.97,234.15,181.14,0.9714289684965864,35
IPCALAB,EQ,23-08-2025,34478.4,NSE,2.22,1418.4,1459.9,1465.7,1476.75,1574.5,1384.3,0.971419171789934,34
REFEX,EQ,23-08-2025,4830.57,NSE,4.07,378.85,424.45,435.6,372.85,481.95,273,0.9713473708446773,34
GIPCL,EQ,23-08-2025,2979.99,NSE,2.1,187.66,205.47,203.28,163.7,187.6,218.05,0.9712354203268942,34
HAVELLS,EQ,23-08-2025,97467.88,NSE,7.74,1556,1572.7,1567.4,1532.55,1632.7,1889.7,0.9710430541971634,34
MOSCHIP,EQ,23-08-2025,3259.52,NSE,8.63,173.94,171.27,171.59,170.81,203.5,203.5,0.9709558981665601,34
APEX,EQ,23-08-2025,717.97,NSE,2.82,225.78,247,220.23,210.55,239.14,270.04999,0.9708546531445514,34
DCBBANK,EQ,23-08-2025,3850.9,NSE,16.68,122.17,141.73,141.91,108.2,115.27,122.83,0.9707913187202305,34
HDBFS,EQ,23-08-2025,66066.69,NSE,20.9,795.3,800.3,835,835,835,835,0.9706889680535269,34
SSWL,EQ,23-08-2025,3349.51,NSE,2.53,211.4,246.4,239.42,178.19,207.84,224.39,0.9703825700459217,34
LTIM,EQ,23-08-2025,155381.67,NSE,2.14,5224.5,5298,5111.6,5472.6,5885.95,5707.7998,0.9701812150281804,34
CAMS,EQ,23-08-2025,19275.37,NSE,4.33,3905,4242,3977.7,3381.8,4538.1,4410.0498,0.9698346735178058,33
SANGHIIND,EQ,23-08-2025,1692.55,NSE,2.12,65.95,69.3,63.21,54.88,81.36,89.989998,0.9697271145203251,33
KITEX,EQ,23-08-2025,4153.39,NSE,10.93,197.78,261.6,280.28,200.27,211.7670902,114.77022954,0.9694028104712413,33
CASTROLIND,EQ,23-08-2025,20636.84,NSE,13.17,206.24,228.66,207.95,208.12,190.13,250.7,0.9693527561193173,33
RITES,EQ,23-08-2025,12375.55,NSE,4.51,256.05,273.4,276.96,207.85,274.7,330.92499,0.9693255231344832,33
NHPC,EQ,23-08-2025,82178.43,NSE,87.51,80.71,86.48,87.06,73.21,80.01,96.800003,0.9691222250881146,33
LATENTVIEW,EQ,23-08-2025,8788.81,NSE,2.52,419.9,448.55,418.6,400.85,446.4,501.04999,0.9685440789688561,33
SUNPHARMA,EQ,23-08-2025,394081.16,NSE,23.58,1641.8,1682.5,1676.1,1714.2,1777.25,1766.35,0.9680933753814599,33
MUFIN,EQ,23-08-2025,1465.74,NSE,2.44,87.92,89.89,82.02,73.99,117.47,126.34,0.9672445546315432,33
FINOPB,EQ,23-08-2025,2280.18,NSE,2.62,265,279.35,244.85,232.65,341.9,352.39999,0.9670900935689929,32
CAMPUS,EQ,23-08-2025,8094.58,NSE,3.83,266.7,288.4,276.99,282.9,262.65,285.10001,0.9667914382813229,32
PCBL,EQ,23-08-2025,14511.55,NSE,7.69,380.2,406.45,403.45,370.2,390,423.29999,0.9665963818533907,32
AXISBANK,EQ,23-08-2025,334140.57,NSE,65.49,1070.9,1104.8,1215.2,992.95,1133.95,1168,0.966436227618703,32
KELLTONTEC,EQ,23-08-2025,1281.34,NSE,70.85,25.81,28.362,24.478,24.462,28.222,32.729998,0.9663878119532271,32
GREENPOWER,EQ,23-08-2025,1697.38,NSE,43.38,14.26,14.52,13.15,12.8,17.82,21,0.9660916663142549,32
YESBANK,EQ,23-08-2025,60888.26,NSE,503.09,19.28,19.9,20.99,17.66,19.56,24.51,0.9660429758224931,32
SENCO,EQ,23-08-2025,6301.72,NSE,10.99,378.95,354.45,364.1,325.45,560.375,548.475,0.9659636149918442,32
JUBLFOOD,EQ,23-08-2025,41312.91,NSE,14.93,619.15,658.95,661.55,681.65,613.05,625.29999,0.965900861481818,32
BLS,EQ,23-08-2025,15115.01,NSE,21.74,368.15,367.35,412.45,370.1,385.6,401.95001,0.9654755700038058,31
GSPL,EQ,23-08-2025,17321.29,NSE,4.63,305.7,331.65,333.6,284.8,325.25,326.95001,0.9654098401251806,31
VERANDA,EQ,23-08-2025,2143.49,NSE,4.84,221.47,245.14,214.11,198.82,245.5,290.10001,0.9652469829701762,31
TRENT,EQ,23-08-2025,193491.83,NSE,10.93,5418,5359,5526,5096.45,6423.85,6793.8999,0.9649268216527891,31
HUDCO,EQ,23-08-2025,42700.53,NSE,32.45,211.84,225.22,238.26,183.21,206.7,283.95001,0.9648792182432084,31
SANDUMA,EQ,23-08-2025,7409.86,NSE,2.3,449.45,476.7,523.35,414.6,436.3,516.65002,0.964804997784869,31
UNITECH,BZ,23-08-2025,1853.78,NSE,18.23,7.39,7.7,6.39,7.75,9.07,9.89,0.9646646882477992,31
SWANENERGY,EQ,23-08-2025,14539.7,NSE,22.85,475.3,512,439.75,441.65,539.3,678.95001,0.9643016870307801,31
GATEWAY,EQ,23-08-2025,3447.54,NSE,30.65,68.93,65.57,64.46,69.82,83.37,102.41,0.9636604923395516,31
HPL,EQ,23-08-2025,3211.81,NSE,3.84,490.9,582.45,548.25,392.2,490.15,617,0.9634811220343401,31
MTNL,EQ,23-08-2025,1265.66,NSE,24.51,46.09,49.89,44.57,49.05,43.94,63.25,0.9627817003205226,30
AEGISLOG,EQ,23-08-2025,25833.6,NSE,2.94,735.05,753.45,807.2,687.4,839.9,817.54999,0.9627353485940076,30
OBEROIRLTY,EQ,23-08-2025,60394.33,NSE,5.2,1657.4,1769.6,1741.4,1590.25,1932.75,1755.35,0.9624786204336372,30
JSWENERGY,EQ,23-08-2025,90971.35,NSE,33.81,517.9,533.85,504.9,431.5,709.9,709.90002,0.9624443739856584,30
POWERGRID,EQ,23-08-2025,264183.65,NSE,91.01,283.35,299.25,296.7,263.2,315.05,340.5,0.9624308699162688,30
INDUSTOWER,EQ,23-08-2025,91742.11,NSE,75.6,353.55,405.25,380.5,339.3,328.15,428.29999,0.9619532630415133,30
PNGJL,EQ,23-08-2025,7884.65,NSE,2.94,582.25,597,546.2,574.7,670.35,830,0.9618217172446184,30
QUADFUTURE,EQ,23-08-2025,1628,NSE,3.15,410.65,474.15,461.1,496,370,370,0.96177683216472,30
TATACOMM,EQ,23-08-2025,45352.05,NSE,4.55,1604.5,1741.6,1690.7,1507.45,1736.7,1879.45,0.9611914669250436,30
MOTHERSON,EQ,23-08-2025,103197.15,NSE,142.9,95.16,98.83,99.99323334,83.19325014,110.23988976,126.33986699,0.9608316354860696,29
NTPCGREEN,EQ,23-08-2025,87229.36,NSE,48.22,103.31,107.96,112.58,104.83,111.5,111.5,0.9605298207717919,29
MANINFRA,EQ,23-08-2025,6411.08,NSE,5.81,165.65,182.81,164.36,167.8,179.95,192.24001,0.9602141223814745,29
SYNCOMF,BE,23-08-2025,1626.2,NSE,7.11,17.32,18.26,19.93,17.16,20.18,16.280001,0.9598205624523904,29
NSLNISP,EQ,23-08-2025,11467.46,NSE,111.22,38.75,39.28,39.51,35.88,44.02,55.09,0.9596086070865373,29
MOIL,EQ,23-08-2025,6715.01,NSE,5.43,329.75,393.55,374.5,304.1,289.8,405.85001,0.9596001683164074,29
PRAKASH,EQ,23-08-2025,2935.15,NSE,22.46,162.07,180.99,175.61,146.1,167.11,199.49001,0.9595740940347828,29
INOXGREEN,BE,23-08-2025,5688.76,NSE,5.56,151.97,171.86,179.47,124.94,149.62,195.61,0.9593757734052686,29
FINPIPE,EQ,23-08-2025,12918.33,NSE,7.4,211.72,207.93,223.51,186.54,262.6,292.14999,0.9593191681981788,29
BHARATWIRE,EQ,23-08-2025,1306.67,NSE,2.13,186.57,208.43,183.09,154.83,222.88,270.85001,0.9590385670193641,28
RTNINDIA,EQ,23-08-2025,7389.61,NSE,30.82,52.66,59.48,48.5,45.62,63.43,79.919998,0.9588826089541189,28
ANGELONE,EQ,23-08-2025,23077.38,NSE,7.65,2518.6,2825.8,2989,2211.6,2677.45,2696.8999,0.9581724852282881,28
GNFC,EQ,23-08-2025,7830.47,NSE,4.23,531.55,552.9,546.4,557.1,561.05,658.65002,0.9581271825119325,28
GAIL,EQ,23-08-2025,116708.02,NSE,100.06,176.81,186.39,193.15,160.17,186.68,236.72,0.9579234316864051,28
LINCOLN,EQ,23-08-2025,1097.93,NSE,3.15,550.55,550.6,559.75,575.5,623.45,699.40002,0.9573932844306222,28
KCP,EQ,23-08-2025,2696.39,NSE,2.65,204.51,218.15,224.52,190.98,230.29,234.35001,0.9573440903863446,28
DEN,EQ,23-08-2025,1765.73,NSE,5.11,36.42,38.77,34.99,33.78,43.63,51.689999,0.9572023915263818,28
MONARCH,EQ,23-08-2025,2666.98,NSE,3.17,334.4,380.15,303.3,358.6,405.6,379.79999,0.956994064124607,28
VGUARD,EQ,23-08-2025,16254.03,NSE,2.68,372.65,405.55,384,338.9,425.55,478.04999,0.9569167060288513,28
PRINCEPIPE,EQ,23-08-2025,3853.05,NSE,4.48,342.65,353.9,336.8,278.45,441.5,601.54999,0.9559633726057624,27
RAILTEL,EQ,23-08-2025,11598.71,NSE,13.06,354.5,402.75,385.3,304.35,374.45,469.89999,0.9558330250418545,27
HEMIPROP,EQ,23-08-2025,3909.91,NSE,4.47,136.61,133.95,137.33,134.02,162.06,199.16,0.9556863118929291,27
PFC,EQ,23-08-2025,131971.07,NSE,53.79,399.85,419.15,412.5,372.35,471.4,521.20001,0.9555959281006745,27
UNITDSPR,EQ,23-08-2025,97246.81,NSE,11.35,1329.9,1342.3,1555.5,1349.7,1487.4,1407.25,0.9555112806198387,27
ONGC,EQ,23-08-2025,300102.56,NSE,79.36,236.29,245.55,245.94,233.65,248,330.10001,0.9553924425259299,27
GUJGASLTD,EQ,23-08-2025,29951.85,NSE,2.3,432.05,476.35,461.45,391.45,451.25,588,0.9553402462540829,27
BCLIND,EQ,23-08-2025,1219.02,NSE,5.98,41.85,45.84,40.37,36.29,53.37,59.959999,0.9550404298630257,27
NAUKRI,EQ,23-08-2025,91946.41,NSE,20.22,1380.6,1475,1473.5,1467.78,1525.02,1481.55,0.954997573712426,27
KALPATARU,EQ,23-08-2025,8091.39,NSE,2.12,386.2,417.4,414,414,414,414,0.9549480770339098,26
IFCI,EQ,23-08-2025,14740.59,NSE,42.81,54.04,61.81,58.45,44.73,60.55,71.75,0.9546240893865139,26
RAMASTEEL,EQ,23-08-2025,1672.99,NSE,45.63,10.44,11.58,10.89,10.39,12.29,11.13,0.9546057812879643,26
SHALBY,EQ,23-08-2025,2127.79,NSE,2.42,198.31,207.32,201.23,200.51,213.94,272.14999,0.9545294530870038,26
TECHM,EQ,23-08-2025,148907.94,NSE,15.54,1505,1546.6,1601.4,1664.95,1699.65,1628.6,0.9544723051050323,26
AEROENTER,EQ,23-08-2025,1029.19,NSE,2.26,91.58,106.55,83.72,97.8,106.19,108.65,0.9542669299992793,26
ABFRL,EQ,23-08-2025,9255.72,NSE,107.67,81.25,75.73,86.75,85.3537,96.5928,107.6315,0.954178913983279,26
PPLPHARMA,EQ,23-08-2025,25588.03,NSE,40.09,192.75,205.04,205.27,199.88,250.6,185.19,0.9541069690121543,26
LICHSGFIN,EQ,23-08-2025,31766.14,NSE,18.94,563.5,619.65,603.35,538.5,616.45,674.70001,0.9540847064875362,26
ELGIEQUIP,EQ,23-08-2025,16011.83,NSE,3.53,499.6,589.75,479.2,484.95,556.65,628.15002,0.954023639259732,25
ADANIENSOL,EQ,23-08-2025,97712.33,NSE,23.27,800.15,863.1,878.7,702,871.55,1099.9,0.9538203741484331,25
SERVOTECH,EQ,23-08-2025,2845.65,NSE,5.33,124.84,140.74,121.73,118.52,177.8,130.75999,0.9537649513613287,25
FUSION,EQ,23-08-2025,2635.94,NSE,3.75,167.19,180.43,172.17,156.63699559,164.3763413,280.90241,0.9537300771106639,25
ANDHRSUGAR,EQ,23-08-2025,1082.93,NSE,2.66,79.22,83.43,76.47,76.76,95.31,112.24,0.9536430554220445,25
HINDZINC,EQ,23-08-2025,182026.74,NSE,16.1,424.9,446.85,450.95,415.55,492.15,512.59998,0.9533104437364207,25
JAICORPLTD,EQ,23-08-2025,2328.95,NSE,18.14,129.4,107.36,108.28,113.53,296.35,379.70001,0.953033965693343,25
SYNGENE,EQ,23-08-2025,26835.77,NSE,9.9,667.4,680.75,650.15,700.9,850.8,829.25,0.9526809759778856,25
WIPRO,EQ,23-08-2025,262500.42,NSE,78.8,248.64,261.4,250.24,305.35,281,262.32501,0.9523605858101338,25
NETWORK18,EQ,23-08-2025,8695.34,NSE,85.23,56.02,60.1,50.01,46.42,84.17,98.900002,0.9523518117423301,25
ATGL,EQ,23-08-2025,67847.28,NSE,5.34,617.75,652.1,669.7,574.45,671.75,859.09998,0.9517189456024066,24
MMTC,EQ,23-08-2025,9810,NSE,6.33,64.13,69.17,64.08,56.2,75.27,103.39,0.9514181846257661,24
HINDCOPPER,EQ,23-08-2025,23122.51,NSE,39.78,237.98,276.05,243.85,215.33,263.2,318.64999,0.9510999228524208,24
SUZLON,EQ,23-08-2025,79797.96,NSE,833.22,58.51,65.98,64.37,51.42,62.22,79.43,0.9510781552133589,24
BODALCHEM,EQ,23-08-2025,851.76,NSE,4.45,66.76,75.78,76.35,59.93,72.42,78.739998,0.9506632102567739,24
TARC,EQ,23-08-2025,4849.91,NSE,4.1,158.63,195.23,165.39,120.45,201.51,217.44,0.9498175607912555,24
ITC,EQ,23-08-2025,508632.77,NSE,129.58,398.3,414.95,442.9,408.6,441.14889947,470.83570481,0.9496689317958293,24
COALINDIA,EQ,23-08-2025,232642.99,NSE,61.41,374.45,390.75,402.7,360.1,412.25,524.59998,0.9495465524091521,24
ALOKINDS,EQ,23-08-2025,9076.46,NSE,66.79,18.19,20.4,18.71,16.66,20.6,25.389999,0.9490528849178628,24
AWL,EQ,23-08-2025,33752.65,NSE,8.8,258.4,280.35,258.75,235.75,327.65,357.79999,0.9486636960376095,23
GRAVITA,EQ,23-08-2025,12798.39,NSE,3.06,1727.4,1725,1954.3,1676.75,2089.8,2137.1499,0.9482970443108654,23
IKS,EQ,23-08-2025,27142.87,NSE,2.44,1554.6,1604.6,1569.9,1688.35,1900,1900,0.9479640177212423,23
IRCTC,EQ,23-08-2025,58040,NSE,6.59,725,761.95,792.9,725.45,800.1,931,0.9479217515816282,23
ZENTEC,EQ,23-08-2025,12839.29,NSE,4.17,1492.6,1900.1,1877.8,1080,1768.9,1697.7,0.9478021202605034,23
JKTYRE,EQ,23-08-2025,9037.18,NSE,5.15,324.95,353.55,378.2,282.7,379.95,404.85001,0.9474529826772449,23
ADVENZYMES,EQ,23-08-2025,3501.88,NSE,5.99,306.3,334.2,288.3,300.95,377.8,458.14999,0.9470663604009336,23
KANSAINER,EQ,23-08-2025,19258.53,NSE,4.05,232.62,247.05,254.7,229.73,261.1,295.39999,0.9470396521136869,23
BLUSPRING,EQ,23-08-2025,1221.39,NSE,6.86,81.28,88.51,89,89,89,89,0.9468235548021038,23
TVSSCS,EQ,23-08-2025,5853.08,NSE,9.95,131.88,132.35,130.17,127.64,182.42,189.73,0.9465599023157002,22
ASTRAL,EQ,23-08-2025,38159.56,NSE,13.03,1425.1,1483.1,1508.7,1384.5,1729.15,1896.75,0.9462838361276323,22
POLYMED,EQ,23-08-2025,19870.99,NSE,2.07,2070.6,2085.1,2435,2105.8,2607.7,2194.3999,0.9462767979972025,22
JYOTHYLAB,EQ,23-08-2025,12665.23,NSE,2.37,340.65,340,337.8,345.05,404.75,563.70001,0.9462128857882135,22
JKPAPER,EQ,23-08-2025,5966.35,NSE,2.2,348.7,386,370.45,316.6,409.9,475.29999,0.9459841333477494,22
ITBEES,EQ,23-08-2025,2628.49,NSE,82.13,38.72,40.32,40.8,44.28,44.8,44.490002,0.9456535771345841,22
HATHWAY,EQ,23-08-2025,2651.62,NSE,27.22,14.75,15.65,15.3,13.63,18.32,21.049999,0.9455864619891411,22
RELAXO,EQ,23-08-2025,11911.71,NSE,2.57,476.85,495.95,440.6,450.75,659.35,801.29999,0.9455267183863548,22
EMIL,EQ,23-08-2025,5039.05,NSE,8.43,131.41,135.26,123.43,129.75,168.21,221.97,0.9454787146085393,22
NCC,EQ,23-08-2025,13719.08,NSE,33.03,216.96,224.44,234.37,190.8,279.35,317.89999,0.9447740172025622,22
JBMA,EQ,23-08-2025,15017.39,NSE,3.08,638.4,645.3,731.45,587.5,721,962.55,0.9446475714117107,21
RAJESHEXPO,EQ,23-08-2025,5598.13,NSE,3.5,185.94,199.04,196.64,156.4,237.2,294.04999,0.9446010918018058,21
JTLIND,EQ,23-08-2025,2846.21,NSE,22.95,75.97,79.5,70.78,86.47,94.35,105.685,0.9444458996904549,21
BEPL,EQ,23-08-2025,2710.07,NSE,3.84,107.16,112.72,113.1,105.09,121.77,156.69,0.9443762351023425,21
SKYGOLD,EQ,23-08-2025,4546.93,NSE,16.66,304.95,324.05,370.05,368.75,359.09,264.56,0.9433613458867027,21
EDELWEISS,EQ,23-08-2025,9166.48,NSE,63.64,93.86,113.16,101.09,99.42,107.65,94.019997,0.9431140342452481,21
MAHLIFE,EQ,23-08-2025,7444.12,NSE,2.03,346.8,380.95,339.1,327.348555,430.86433,534.42599164,0.9430335895253024,21
BAJAJHFL,EQ,23-08-2025,94255.37,NSE,54.87,112.93,122.27,124.19,109.44,127.51,150,0.9429730658604479,21
FIRSTCRY,EQ,23-08-2025,20298.99,NSE,14.54,383.8,362.8,375.15,387.9,553.5,632.09998,0.9425142526498543,21
IRCON,EQ,23-08-2025,15965.25,NSE,22.67,171.19,187.61,187.63,154.54,188.77,266,0.9422661633203583,20
UGROCAP,EQ,23-08-2025,1962.08,NSE,2.43,168.41,172.23,177.6398976,157.3065576,224.499672,241.4033018,0.941985519162711,20
BHEL,EQ,23-08-2025,76048.26,NSE,75.08,218.59,251.2,261.86,193.47,225.88,296.39999,0.9415860775966928,20
CMSINFO,EQ,23-08-2025,7335.48,NSE,4.67,440.05,501.55,483.85,432.25,472.9,574.04999,0.9409774021495149,20
WEL,EQ,23-08-2025,2100.31,NSE,2.87,144.25,170.58,180.06,161.07,133.7,149.28,0.9407154438040278,20
SIGNATURE,EQ,23-08-2025,15843.99,NSE,2.89,1121.9,1221.4,1186.6,1129,1289.1,1534,0.9405848770008294,20
RATNAVEER,EQ,23-08-2025,788.63,NSE,3.44,147.78,151.3,156.73,139.45,240.64,173.44,0.9399574050242991,20
FCL,EQ,23-08-2025,2901.61,NSE,2.6,255.05,275.05,239.68,272.8,334.45,366.20001,0.9393410950573937,20
TATAMOTORS,EQ,23-08-2025,252287.79,NSE,108.64,680.3,690.1,729,686.6,783.2,1086.9,0.9391653591208282,20
SAMMAANCAP,EQ,23-08-2025,10172.24,NSE,87.33,121.83,134.28,123.22,121.43,150.63,170.56,0.9387818905701504,19
CEIGALL,EQ,23-08-2025,4396.93,NSE,2.51,252.41,266.7,251.2,255.25,317.2,389.10001,0.9383667952780885,19
DELTACORP,EQ,23-08-2025,2435.38,NSE,47.82,88,89.8,91.38,89.35,114.3,127.67,0.9377733151553642,19
ACC,EQ,23-08-2025,34740.64,NSE,4.3,1821.1,1950,1958.4,1911.5,2185.7,2325.75,0.937629453296718,19
RGL,EQ,23-08-2025,1270.72,NSE,5.27,114.7,116.56,135.95,134.47,170.02,100.54,0.9373619312937861,19
HINDOILEXP,EQ,23-08-2025,2254.75,NSE,2.98,168.93,168.61,178.79,202.34,181.99,253.2,0.9373222485485769,19
DCXINDIA,EQ,23-08-2025,2775.75,NSE,14.3,267.05,271.65,330.4,251.2,315.1,354.79999,0.9372132741851394,19
RATEGAIN,EQ,23-08-2025,5873.76,NSE,5.68,495.05,456.95,525.4,539.9,692.25,720.79999,0.937186076155069,19
TRIDENT,EQ,23-08-2025,14594.82,NSE,135.37,28.49,31,33.13,27.84,31.87,37.27,0.9371360605284806,19
ALEMBICLTD,EQ,23-08-2025,2779.66,NSE,2.89,105.52,118.7,111.98,99.97,125.26,151.16,0.9370034825343783,19
BALKRISIND,EQ,23-08-2025,46887.15,NSE,2.83,2396.1,2740.4,2492,2670.55,2769.65,2841.55,0.936608864298268,18
AVANTIFEED,EQ,23-08-2025,8823.27,NSE,4.99,642.75,750.7,860.9,658.25,618.45,687.70001,0.93650197976747,18
ARE&M,EQ,23-08-2025,18078.33,NSE,5.44,987.75,1011.35,1049.85,965.1,1247.8,1542.1,0.9362255285803935,18
RADIANTCMS,EQ,23-08-2025,626.48,NSE,3.76,59.21,58.55,64.76,62.97,73.9,83.419998,0.9359936544599591,18
GAEL,EQ,23-08-2025,4816.04,NSE,4.15,103.54,111.26,114.74,107.06,120.79,135.28999,0.9358347901977622,18
BRIGADE,EQ,23-08-2025,23617.06,NSE,4.65,962.5,1049.4,1083,987.3,1149.25,1169.05,0.9357574976596356,18
MAMATA,EQ,23-08-2025,1031.56,NSE,10.52,414.25,486.6,391.55,381.45,600,600,0.9355643509412219,18
ADANIENT,EQ,23-08-2025,273887.09,NSE,9.49,2324.9,2614.5,2547.7,2223.7,2821.5,3070.6499,0.9352791471377472,18
REPCOHOME,EQ,23-08-2025,2326.66,NSE,2.15,367.25,437.3,390.75,336.95,449.2,490.20001,0.9352430597470337,18
BHARATFORG,EQ,23-08-2025,55096.43,NSE,9.4,1123,1223.7,1249.7,1082.65,1323.35,1577.4,0.9351404458437491,17
TORNTPOWER,EQ,23-08-2025,64852.39,NSE,4.91,1282,1357,1426.1,1239.35,1582.4,1797.35,0.9350486716097456,17
HAPPSTMNDS,EQ,23-08-2025,9072.53,NSE,4.37,591.8,616,608.2,676.7,736.5,786.29999,0.934693664701702,17
IRFC,EQ,23-08-2025,163905.2,NSE,83.22,124.98,134.85,140.18,121.78,145.18,179.91,0.9342239319383088,17
COLPAL,EQ,23-08-2025,63916.62,NSE,6.11,2299.3,2285.3,2510.3,2462.4,2733.5,3557.2,0.9337494573720699,17
TITAGARH,EQ,23-08-2025,11555.01,NSE,20.2,858.85,921.85,910.75,771.6,1112.7,1449.6,0.9334119538867192,17
KTKBANK,EQ,23-08-2025,6497.68,NSE,9.65,172.46,189.41,198.49,174.03,200.45,218.23,0.9333943585507125,17
MOS,SM,23-08-2025,594.09,NSE,2.34,46.2,52.1,58,52.05,61.49,39.079998,0.9322093416941026,17
HARDWYN,EQ,23-08-2025,677.95,NSE,7.37,13.92,14.28,12.79,14.49,24.97140325,20.3285501,0.9318104884904553,17
SUNTV,EQ,23-08-2025,22679.57,NSE,2.15,573.1,592.15,633.55,585.3,740.6,791.70001,0.9314613513958425,16
CONCOR,EQ,23-08-2025,42182.21,NSE,12.73,547.9,609.35,593.92,562.68,628.6,783.679984,0.9313453262697564,16
OIL,EQ,23-08-2025,66747.85,NSE,20.34,409.4,453.4,427.7,400.55,485.45,672.70001,0.9311265074254377,16
VTL,EQ,23-08-2025,12219.83,NSE,5.79,414.75,484.3,494.65,430.6,448.3,486.79999,0.930727881677468,16
IDEA,EQ,23-08-2025,71181.37,NSE,4589.47,7.07,7.48,6.93,8.27,7.1,15.94,0.9306138554294697,16
ORIENTPPR,EQ,23-08-2025,600.48,NSE,3.11,27.69,29.08,29.38,25.28,37.47,48.299999,0.9300819490891397,16
SNOWMAN,EQ,23-08-2025,902.28,NSE,2.82,53.59,58.06,59.72,49.75,68,81.309998,0.9299368170459729,16
HCLTECH,EQ,23-08-2025,405692.93,NSE,31.97,1466.3,1529.8,1673.6,1709.9,1820.55,1686.75,0.9297846325519731,16
REGAAL,EQ,23-08-2025,1299.45,NSE,213.77,124.08,141,141,141,141,141,0.9297505654859091,16
KALYANKJIL,EQ,23-08-2025,52662.77,NSE,70.05,511.15,611.8,568.35,507.05,701.35,541.90002,0.9293329998404567,16
KPEL,EQ,23-08-2025,2876.67,NSE,4.01,434.4,529.95,470.4,397.55,578.65,544.95,0.9287411552179239,15
PETRONET,EQ,23-08-2025,41700,NSE,16.26,276.95,306.75,318.3,284.9,313.95,378.39999,0.928520587297842,15
KPITTECH,EQ,23-08-2025,33196.07,NSE,9.32,1196.6,1274.1,1335.5,1310.4,1305.2,1827.85,0.9283808594525151,15
GTLINFRA,EQ,23-08-2025,1971.04,NSE,441.7,1.53,1.62,1.47,1.59,2.05,2.81,0.9282638414749759,15
ABLBL,EQ,23-08-2025,16998.71,NSE,12.76,142.81,151.55,167,167,167,167,0.9282395188021794,15
ALLCARGO,EQ,23-08-2025,3388.63,NSE,20.37,33.71,35.96,30.44,32.5,54.16,67.309998,0.9281553116633698,15
SPARC,EQ,23-08-2025,4695.51,NSE,2.54,146.08,155.92,164.58,137.04,195.98,213.41,0.9276647595193999,15
GPTINFRA,EQ,23-08-2025,1516.25,NSE,2.35,117.14,134.56,139.47,102.82,133.53,185.61,0.9273606420142331,15
INFY,EQ,23-08-2025,621286.08,NSE,84.24,1487.5,1574.5,1580.5,1842.3,1824.75,1872.2,0.927083773679998,15
PATELENG,EQ,23-08-2025,3376.66,NSE,30.3,39.05,39.09,41.91,44.49,53.32,53.830002,0.9264199727666911,14
HMAAGRO,EQ,23-08-2025,1578.43,NSE,3.23,31.44,30.57,34.21,34.2,41.32,51.130001,0.926358323779093,14
NOCIL,EQ,23-08-2025,3093.3,NSE,2.59,183.97,192.96,183.87,195.18,261.75,287.54999,0.9259936047982523,14
JYOTICNC,EQ,23-08-2025,21741.65,NSE,2.51,954.6,1031.6,1246.1,957.9,1167.9,1085.2,0.925913433233514,14
JWL,EQ,23-08-2025,14492.36,NSE,31.17,340.9,362.8,401.1,306.95,440.8,542.04999,0.9255065794238228,14
CAPACITE,EQ,23-08-2025,2529.66,NSE,3.24,299.55,325.65,345.55,327.7,362.55,374.79999,0.9253611591765648,14
ZEEMEDIA,EQ,23-08-2025,793.04,NSE,19.17,12.71,13.91,14.55,13.64,19.41,13.21,0.9242122787426376,14
GODREJPROP,EQ,23-08-2025,61927.98,NSE,8.81,2052.9,2324.1,2246.9,1974.05,2692.75,2978.6499,0.9238305786281744,14
CROMPTON,EQ,23-08-2025,20677.34,NSE,19.6,316.7,340,356.95,332.6,390.7,453.54999,0.9237696319513224,14
PNBHOUSING,EQ,23-08-2025,20927.34,NSE,46.46,799.75,1063.6,1046.8,781.25,865.15,810.90002,0.9237334797550634,13
SCILAL,EQ,23-08-2025,2331.32,NSE,3.39,49.67,52.72,52.64,49.91,63.39,87.830002,0.9235895080411983,13
RAYMONDLSL,EQ,23-08-2025,7217.62,NSE,2.42,1159.7,1116.9,1074.95,1135.05,2006.2,3020,0.9232482199413716,13
TRIVENI,EQ,23-08-2025,7464.42,NSE,3.39,340.05,370.6,423.5,370.9,365.7,450.75,0.9230546838808912,13
ONMOBILE,EQ,23-08-2025,568.82,NSE,7.84,52.35,54.24,57.61,51.19,76.32,79.760002,0.9227860324467266,13
AUROPHARMA,EQ,23-08-2025,60461.45,NSE,14.95,1050.4,1117.4,1180.9,1169.6,1250.1,1537.3,0.921878877302556,13
IRB,EQ,23-08-2025,26933.94,NSE,83.79,43.78,48.6,51.03,47.7,47.42,64.760002,0.9214806924024017,13
ESAFSFB,EQ,23-08-2025,1536.22,NSE,3.7,29.47,32.5,30.14,29.65,39.31,51,0.9213152241837296,13
HILINFRA,BE,23-08-2025,749.48,NSE,22.81,99.15,115,115,115,115,115,0.9209347067474905,13
GRANULES,EQ,23-08-2025,11205.29,NSE,10.77,458.5,475.85,520,522.25,552.65,675.45001,0.920830579639141,13
BATAINDIA,EQ,23-08-2025,14337.25,NSE,2.11,1104.8,1205.2,1285.1,1296.3,1282.65,1419.25,0.9202289147270202,12
HCC,BE,23-08-2025,5039.69,NSE,31.86,27.29,28.08,31.11,26.1,36.12,49.48,0.9199571837345978,12
GREENPANEL,EQ,23-08-2025,3249.63,NSE,2.77,264.4,315,261.53,306.75,336.35,364.89999,0.9196996343572447,12
AWFIS,EQ,23-08-2025,4106.21,NSE,5.35,576.05,634.65,661.95,645.8,670.35,794.79999,0.9196972424994175,12
IOB,EQ,23-08-2025,73868.28,NSE,36.14,38.07,39.09,38.14,46.13,51.13,62.119999,0.9196955394335347,12
URJA,EQ,23-08-2025,729.85,NSE,9.47,13.6,14.71,15.13,13.15,17.54,24.059999,0.918534639030463,12
QUESS,EQ,23-08-2025,4040.95,NSE,2.46,272.4,309.85,328.85,289.95415116,320.16736884,349.84367957,0.9183563059189221,12
TATATECH,EQ,23-08-2025,27867.4,NSE,7.03,683.6,716.15,763.4,720.95,948.55,1004.4,0.918201638623725,12
RECLTD,EQ,23-08-2025,100088.84,NSE,57.08,375.6,400,406.8,389.1,516.6,599.90002,0.9177111248249854,12
GEOJITFSL,EQ,23-08-2025,2086.44,NSE,3.91,73.46,75.37,85.04,76.13,112.65,99.28243728,0.9166893535051458,11
MRPL,EQ,23-08-2025,22240.48,NSE,25.7,124.89,155.89,141.99,111,147.97,212.22,0.9164245889714799,11
ELECTCAST,EQ,23-08-2025,6538.54,NSE,15.22,103.26,114,105,100,147.27,205.53999,0.9154434390496056,11
ADANIGREEN,EQ,23-08-2025,153017.54,NSE,18.35,957.2,1033.9,1011.85,890.35,1412.7,1924.6,0.9145519108182386,11
NIITMTS,EQ,23-08-2025,4550.12,NSE,2.02,331.4,334,348.9,450.05,460.25,463.85001,0.9137043615525635,11
ARVIND,EQ,23-08-2025,7896.52,NSE,4.46,294.05,336.65,354.6,314.25,345.2,406.25,0.913464355999786,11
NATCOPHARM,EQ,23-08-2025,15797.49,NSE,5.81,882.45,1034.9,879.55,870.45,1364.65,1441.5,0.913133477380586,11
NIITLTD,EQ,23-08-2025,1559.48,NSE,4.41,112.44,122.26,136.15,124.55,188.19,114.41,0.9131062763670631,11
TRITURBINE,EQ,23-08-2025,17017.54,NSE,9.45,534.05,629,590.8,546.9,691.65,788.65002,0.9128545646843158,11
FIVESTAR,EQ,23-08-2025,17234.09,NSE,9.59,588.75,728.75,707.25,685.25,636.35,716.70001,0.9127239658859774,10
CLEAN,EQ,23-08-2025,12197.36,NSE,17.18,1153.8,1304.8,1425.3,1305.95,1290.75,1564.9,0.912483726616066,10
ASHOKA,EQ,23-08-2025,5144.81,NSE,7.93,182.22,203,214.86,206.55,234.19,235.3,0.9115237063846395,10
TEXRAIL,EQ,23-08-2025,5656.46,NSE,14.38,143.82,158.48,159.34,141.29,199.45,251.3,0.9113001392140848,10
RENUKA,EQ,23-08-2025,6268.4,NSE,21.16,29.02,31.55,32.58,29.98,39.86,48.459999,0.9096058580470987,10
CARBORUNIV,EQ,23-08-2025,17940.07,NSE,4.84,926.65,977.15,1001.8,980.55,1408.4,1540.65,0.9095071622355185,10
EMBDL,EQ,23-08-2025,13616.14,NSE,37.34,99.69,119.09,104.77,130.73,120.61,131.57001,0.9094254787587569,10
TTML,BE,23-08-2025,11475.43,NSE,5.37,59.04,63.59,74.87,63.74,68.36,93.099998,0.90878876428701,10
HIMATSEIDE,EQ,23-08-2025,1632.89,NSE,5.5,127.24,156.57,162.34,129.04,163.65,148.32001,0.9081979486014193,10
JISLJALEQS,EQ,23-08-2025,3656.66,NSE,49.62,49.64,53.09,57.36,60.93,65.57,67.559998,0.907682748724089,9
AARTIIND,EQ,23-08-2025,13845.91,NSE,16.83,382.3,427,468.1,418.3,434.9,621.40002,0.907032160793103,9
TIPSMUSIC,EQ,23-08-2025,7567.63,NSE,2.26,581.6,623.2,677.95,649.75,899.05,753.15,0.9067386363285508,9
EQUITASBNK,EQ,23-08-2025,6245.74,NSE,31.31,54.88,62.64,63.97,61.42,65.95,84.040001,0.9067292206266242,9
INFIBEAM,EQ,23-08-2025,4491.07,NSE,86.36,15.91,16.45,17.90012184,17.42624249,23.94431882,26.11139023,0.9057397529703208,9
CYIENT,EQ,23-08-2025,13711.22,NSE,4.09,1230.1,1280.3,1351.2,1439.3,1813.2,1934.8,0.9057375293053779,9
ABB,EQ,23-08-2025,108931.5,NSE,4.02,5063,5711,5996.5,5241.9,6701.6,7800.75,0.9056708138736689,9
IREDA,EQ,23-08-2025,41323.79,NSE,50.37,147.48,156.91,173.55,165.48,190.15,240.45,0.9055761081954131,9
FINCABLES,EQ,23-08-2025,13024.31,NSE,3.21,849.5,922.45,976.7,912.25,1118.05,1462.1,0.905394582346444,9
NEWGEN,EQ,23-08-2025,12348.72,NSE,22.13,866.45,883.2,1255.55,967.75,1109.85,1113.4,0.9039429019662442,9
TCS,EQ,23-08-2025,1121607.13,NSE,27.99,3054,3179.1,3537.3,3904.5,4039.55,4523.2998,0.9032751204453692,8
DIGITIDE,EQ,23-08-2025,3142.83,NSE,4.87,206.73,267.4,245,245,245,245,0.9031066835797581,8
SANSTAR,EQ,23-08-2025,1547.25,NSE,3.69,83.85,93.27,93.4,95.96,114.6,132.75999,0.9024939036218672,8
GOKEX,EQ,23-08-2025,5740.01,NSE,6.1,754.6,915.35,956.8,897.6,874.15,920.04999,0.9022914920136308,8
JINDALSAW,EQ,23-08-2025,13109.92,NSE,13.04,203.15,226.97,215.86,234.35,300.95,322.350005,0.9017625044919498,8
IMAGICAA,EQ,23-08-2025,3304.06,NSE,5.92,57.57,66.99,63.71,66.49,70.44,98.099998,0.9017236501610337,8
WELSPUNLIV,EQ,23-08-2025,11423.51,NSE,29.86,118.68,137.56,149.71,120.52,148.66,185.74001,0.9009435321167284,8
CENTRALBK,EQ,23-08-2025,32901.84,NSE,42.65,35.82,37.72,37.29,47.13,52.65,60.32,0.89943043046709,8
GANESHBE,EQ,23-08-2025,689.3,NSE,2.56,95.68,96.86,112.26,119.44,129.33,162.25999,0.899156128873017,8
SWSOLAR,EQ,23-08-2025,6508.65,NSE,18.27,278.65,304.95,288,264.15,476.1,698.95001,0.8986695988872117,7
HLVLTD,EQ,23-08-2025,812.21,NSE,5.68,12.22,13.2,14.09,13.58,17.12,21.32,0.8984071179292187,7
DWARKESH,EQ,23-08-2025,763.44,NSE,4.1,40.87,46.01,47.57,40.22,60.75,73.629997,0.8979420325809341,7
IGIL,EQ,23-08-2025,15302.77,NSE,10.88,350.8,404.9,375.55,432.95,510,510,0.897834671254154,7
SONATSOFTW,EQ,23-08-2025,10574.82,NSE,36.97,372.8,428.2,399.6,420.2,547,621.65002,0.8977883249235827,7
RKFORGE,EQ,23-08-2025,10427.36,NSE,5.4,572.4,630.1,611.4,644.3,946.85,924.5,0.8977511079639849,7
SURAJEST,EQ,23-08-2025,1593.24,NSE,2.24,318.6,321,322.45,336.05,592.55,795.84998,0.8977043502759331,7
RAJOOENG,EQ,23-08-2025,1936.84,NSE,10.89,105.67,126.86,131,131,131,131,0.8967257682638,7
RUSHIL,EQ,23-08-2025,669.43,NSE,5.12,23.26,26.96,26.05,26.61,31.87,37.549999,0.8963791460268682,7
REDTAPE,EQ,23-08-2025,6918.94,NSE,3.47,124.41,130.06,145.22,156.9,201.9875,166.899995,0.8959614020077995,6
NDL,EQ,23-08-2025,501.63,NSE,26.45,3.41,3.78,4.06,4,5.13,4.7040001,0.8950109047527165,6
SONACOMS,EQ,23-08-2025,27504.94,NSE,28.49,449.65,489,545,487.3,680.4,699.59998,0.8949750923884608,6
KAMDHENU,EQ,23-08-2025,838.52,NSE,8.56,28.33,29.75,31,32.95,47.845,49.160001,0.8936787593181175,6
BSOFT,EQ,23-08-2025,10609.98,NSE,13.31,375.4,403.85,418.55,477.5,552.15,613.59998,0.8926328192185178,6
OLAELEC,EQ,23-08-2025,21502.8,NSE,1733.67,47.19,43.05,52.52,61.29,69.32,137.78999,0.8921228892944326,6
DOLATALGO,EQ,23-08-2025,1450.94,NSE,2.52,82,94.95,93.76,81.14,127.61,154.44,0.8919155789924117,6
AKUMS,EQ,23-08-2025,7574.59,NSE,2.9,480.05,540.95,581.9,516.2,580.65,1063.95,0.8917702844222448,6
INDUSINDBK,EQ,23-08-2025,59800.33,NSE,46.62,760.1,851.15,800.1,1048.25,1000.2,1381.3,0.8917622766000323,6
PARACABLES,EQ,23-08-2025,1495.58,NSE,10.29,48.6,56.88,54.17,58.87,66.77,80.010002,0.8906137667687273,6
ONEPOINT,BE,23-08-2025,1182.95,NSE,3.96,45.51,49.05,65.66,46.89,63.67,68.349998,0.8902103874748832,5
UCOBANK,EQ,23-08-2025,36640.59,NSE,63.34,28.91,30.96,31.04,38.66,42.48,52.200001,0.8898545075960953,5
SULA,EQ,23-08-2025,2183.24,NSE,8.4,267.3,302.9,301.05,302.45,394.5,484.64999,0.889472751446603,5
ACE,EQ,23-08-2025,11884.5,NSE,3.39,985.4,1140.6,1355.2,1165.55,1242,1306.5,0.8890466038262076,5
INOXWIND,EQ,23-08-2025,23143.81,NSE,84.81,144.05,163.38450312,187.92076644,168.36273252,187.36872516,216.24245568,0.8883294276597987,5
RVNL,EQ,23-08-2025,68388.66,NSE,39.24,323.75,373.7,412.05,342.45,432.15,561.70001,0.8882154031314022,5
PAISALO,EQ,23-08-2025,2758.68,NSE,72.5,30.32,32.38,32.11,40.34,43.39,63.540001,0.8879878661761992,5
CELLECOR,ST,23-08-2025,719.43,NSE,3.52,33.35,35.5,40.95,52.3,57.55,34.849998,0.8877181594698489,5
MICEL,EQ,23-08-2025,1168.91,NSE,9.24,50.27,54.5,58.26,59.82,86.05,76.760002,0.8871409434809862,5
IEX,EQ,23-08-2025,12869.8,NSE,340.12,143.92,187.89,194.5,167.21,162.49,195.32001,0.8865437464901635,4
CONFIPET,EQ,23-08-2025,1678.15,NSE,4.91,49.58,54.15,61.31,58.46,69.02,85.669998,0.8862342917152656,4
KNRCON,EQ,23-08-2025,5680.94,NSE,5.74,199.61,224.48,223.61,242.1,311.85,332.10001,0.8861953854260239,4
PGEL,EQ,23-08-2025,15868.76,NSE,91.25,563.7,791.15,771.55,783,675.9,531.75,0.8860956661780482,4
SEPC,EQ,23-08-2025,2347.59,NSE,58.95,11.87,12.65,14.28,13.50857603,21.57789988,17.96744212,0.88599748030247,4
UDS,EQ,23-08-2025,1690.9,NSE,3.01,256.65,283.95,340.8,310.25,396.8,324.60001,0.8856320949668274,4
BAJAJHIND,EQ,23-08-2025,2738.66,NSE,51.95,21.14,25.84,23.97,21.99,31.13,42.040001,0.8840127091594161,4
ICIL,EQ,23-08-2025,4951.36,NSE,2.94,251.15,296.7,320.6,312.6,317.5,388.10001,0.882056540210635,4
SUBEXLTD,BE,23-08-2025,748.03,NSE,5.37,13.17,14.01,14.22,15.24,22.93,30.33,0.8819905975389921,4
GVKPIL,BE,23-08-2025,541.47,NSE,6.31,3.36,3.93,4.04,4.11,5.21,4.89,0.880619337483781,3
UTKARSHBNK,EQ,23-08-2025,2361.85,NSE,17.36,21.41,22.97,23.48,25.63,35.37,48.689999,0.8798287357350573,3
MUKKA,EQ,23-08-2025,816,NSE,3.13,26.68,29.36,30.75,33.72,41.63,49.27,0.8782853206100936,3
ARISINFRA,EQ,23-08-2025,1156.16,NSE,3.62,143.91,145.97,205,205,205,205,0.8768200031699239,3
PARSVNATH,BE,23-08-2025,678.45,NSE,10.72,15.51,20.79,21.37,22.46,17.4,18.219999,0.8765781316292095,3
DAMCAPITAL,EQ,23-08-2025,1590.43,NSE,4.81,224.08,250.25,271.49,250.5,393,393,0.8763639522791611,3
MOREPENLAB,EQ,23-08-2025,2701.41,NSE,38.72,49.03,61.62,66.62,51.44,75.93,68.07,0.8757253932994891,3
JAIBALAJI,EQ,23-08-2025,9534,NSE,6.59,102.53,118.25,106.92,135.74,184.35,183.180004,0.8753371818401546,3
VPRPL,EQ,23-08-2025,1890.23,NSE,4.19,148.88,169.88,179.34,171.2,272.65,233.89999,0.8752781992692652,3
HFCL,EQ,23-08-2025,10501.22,NSE,83.62,73.62,80.71,85.97,87.03,129.24,140.78999,0.8745009936746685,3
JYOTISTRUC,EQ,23-08-2025,1895.25,NSE,63.93,15.84,17.76,20.25,18.52,27.51212513,23.96564025,0.8744116471906094,2
HITECH,EQ,23-08-2025,1791.61,NSE,8.32,86.71,95.32,94.68,102.07,165.81,184.47,0.8738972948972551,2
TRACXN,EQ,23-08-2025,555.67,NSE,2.4,51.19,59.32,62.92,60.76,76.87,93.529999,0.8729768463781526,2
PROTEAN,EQ,23-08-2025,3438.29,NSE,7.46,851.1,830.95,973.6,1369.25,1535,1535,0.8721772173826959,2
PSB,EQ,23-08-2025,20924.88,NSE,12.6,28.83,31.1,30.51,42.82,47.62,60.889999,0.8717799719881891,2
SALASAR,EQ,23-08-2025,1365.88,NSE,53.44,7.85,7.45,8.89,10.56,16.12,19.190001,0.870823538534433,2
ORIENTCEM,EQ,23-08-2025,4990.62,NSE,13.04,237.71,255.58,349.85,329.6,337.85,327.60001,0.8706857092475054,2
TEJASNET,EQ,23-08-2025,10957.55,NSE,11.9,621.15,615.55,740.5,780.7,1285.25,1262.95,0.8701901273534235,2
ADSL,EQ,23-08-2025,882.81,NSE,3.53,157.04,177.58,200.79,228.5,251.45,216.63,0.8678899835082285,2
DISHTV,EQ,23-08-2025,961.14,NSE,20.17,5.19,5.7,5.37,7.1,10.71,14.58,0.8582256503038175,1
EXICOM,EQ,23-08-2025,2056.29,NSE,4.95,144.03,170.2,165.03372384,162.887554,266.346414,386.98426642,0.858013375953642,1
PRAJIND,EQ,23-08-2025,7596.99,NSE,7.16,407.6,492.7,489.45,532.6,694.85,776.45001,0.8557357843110176,1
MUFTI,EQ,23-08-2025,802.74,NSE,4.12,121.14,166.49,181.81,133.49,168.38,194.66,0.8538559943948238,1
MARKSANS,EQ,23-08-2025,8224.47,NSE,22.73,179.96,237.2,251.83,239.57,305.35,220.57001,0.8532440041859489,1
MOBIKWIK,EQ,23-08-2025,1789.69,NSE,10.23,228.98,258.72,271.15,331.15,440,440,0.8518699729039759,1
EASEMYTRIP,EQ,23-08-2025,3306.63,NSE,220.75,8.95,10.42,11.13,11.81,15.08,19.5699995,0.8510421463998592,1
SIGACHI,EQ,23-08-2025,1202.9,NSE,52.18,31.4,40.25,43.43,34.73,49.77,61.93,0.8508521960149614,1
SHAREINDIA,EQ,23-08-2025,3420.71,NSE,4.38,152.25,178.35,185.85,208.87,270.15,301.25,0.8507282894999864,1
HIKAL,EQ,23-08-2025,3125.67,NSE,5.1,254.9,342.15,379.35,347.05,393,322.29999,0.8481024359869188,1
RAYMONDREL,EQ,23-08-2025,4333.95,NSE,3.77,638,768.8,1000,1000,1000,1000,0.8337914948042288,1
VAKRANGEE,EQ,23-08-2025,983.54,NSE,14.27,9.04,9.99,10.58,15.77,22.3,21.1,0.828546710421733,1
JINDWORLD,EQ,23-08-2025,3663.51,NSE,11.64,36.1,41.32,61.26,71.75,67.12,75.52,0.8009772563010285,1
THEMISMED,EQ,23-08-2025,961.36,NSE,3.91,103.67,122.16,140.54,182.26,286.2,263.35001,0.8004526108653316,1
NIFTY,IN,23-08-2025,,NSE,2834.06,24870.1,25219.9,25001.15,22959.5,23518.5,24698.85,,
NIFTYJR,IN,23-08-2025,,NSE,,67540.1,68363,67372.3,59446.55,67775.5,73971.297,,
BANKNIFTY,IN,23-08-2025,,NSE,1063.04,55149.4,57210.45,55572,49258.9,50626.5,50803.148,,
CNXMIDCAP,IN,23-08-2025,,NSE,,57629.75,59307.1,57067.25,49849.85,54548.25,58247.852,,
CNX500,IN,23-08-2025,,NSE,,22991.3,23428.4,22908.3,20652.35,22004.35,23280.35,,
CNXSMALLCAP,IN,23-08-2025,,NSE,,17919.5,18893.2,17707.8,15413.1,17677.35,18839.949,,
NIFTYMIDSML400,IN,23-08-2025,,NSE,,19868.6,20504.95,19422.95,16989.6,19076,20203.051,,
NIFTY_TOTAL_MKT,IN,23-08-2025,,NSE,,12940.85,13195.65,12888.4,11609.6,12406.05,13118.45,,
NIFTY_MICROCAP250,IN,23-08-2025,,NSE,,23634.85,24503.05,23276.5,20551.3,23716.8,24732.15,,
